SORT_ROW,SORT_COLUMN,PIN_NUMBER,XC3S50,XC350_TYPE,BANK
A,1,A1 ,TDI,JTAG,0
A,2,A2 ,PROG_B,CONFIG,VCCAUX
A,3,A3 ,IO_L01N_0/VRP_0,DCI,0
A,4,A4 ,VCCO_TOP,VCCO,"0,1"
A,5,A5 ,VCCAUX,VCCAUX,N/A
A,6,A6 ,IO_L30P_0,I/O,0
A,7,A7 ,IO_L32N_0/GCLK7,GCLK,0
A,8,A8 ,IO_L32N_1/GCLK5,GCLK,1
A,9,A9 ,IO_L32P_1/GCLK4,GCLK,1
A,10,A10 ,IO_L31P_1,I/O,1
A,11,A11 ,IO_L28N_1,I/O,1
A,12,A12 ,IO_L27P_1,I/O,1
A,13,A13 ,IO_L01N_1/VRP_1,DCI,1
A,14,A14 ,TMS,JTAG,1
B,1,B1 ,IO_L01P_7/VRN_7,DCI,7
B,2,B2 ,IO_L01N_7/VRP_7,DCI,7
B,3,B3 ,HSWAP_EN,CONFIG,VCCAUX
B,4,B4 ,GND,GND,N/A
B,5,B5 ,IO_L27P_0,I/O,0
B,6,B6 ,IO_L30N_0,I/O,0
B,7,B7 ,IO_L31P_0/VREF_0,VREF,0
B,8,B8 ,VCCO_TOP,VCCO,"0,1"
B,9,B9 ,GND,GND,N/A
B,10,B10 ,VCCINT,VCCINT,N/A
B,11,B11 ,IO_L28P_1,I/O,1
B,12,B12 ,VCCO_TOP,VCCO,"0,1"
B,13,B13 ,IO_L01P_1/VRN_1,DCI,1
B,14,B14 ,TCK,JTAG,1
C,1,C1 ,IO_L21N_7,I/O,7
C,2,C2 ,GND,GND,N/A
C,3,C3 ,VCCO_LEFT,VCCO,"6,7"
C,4,C4 ,IO_L01P_0/VRN_0,DCI,0
C,5,C5 ,IO_L27N_0,I/O,0
C,6,C6 ,VCCINT,VCCINT,N/A
C,7,C7 ,IO_L31N_0,I/O,0
C,8,C8 ,IO_L32P_0/GCLK6,GCLK,0
C,9,C9 ,IO_L31N_1/VREF_1,VREF,1
C,10,C10 ,VCCAUX,VCCAUX,N/A
C,11,C11 ,IO_L27N_1,I/O,1
C,12,C12 ,GND,GND,N/A
C,13,C13 ,TDO,JTAG,1
C,14,C14 ,IO_L01P_2/VRN_2,DCI,2
D,1,D1 ,IO_L22N_7,I/O,7
D,2,D2 ,IO_L22P_7,I/O,7
D,3,D3 ,IO_L21P_7,I/O,7
D,12,D12 ,IO_L01N_2/VRP_2,DCI,2
D,13,D13 ,VCCO_RIGHT,VCCO,"2,3"
D,14,D14 ,GND,GND,N/A
E,1,E1 ,IO_L24P_7,I/O,7
E,2,E2 ,IO_L23N_7,I/O,7
E,3,E3 ,IO_L23P_7,I/O,7
E,12,E12 ,IO_L20N_2,I/O,2
E,13,E13 ,IO_L20P_2,I/O,2
E,14,E14 ,IO_L21N_2,I/O,2
F,1,F1 ,GND,GND,N/A
F,2,F2 ,IO_L40P_7,I/O,7
F,3,F3 ,IO_L24N_7,I/O,7
F,12,F12 ,IO_L21P_2,I/O,2
F,13,F13 ,IO_L23N_2/VREF_2,VREF,2
F,14,F14 ,IO_L23P_2,I/O,2
G,1,G1 ,IO_L40N_7/VREF_7,VREF,7
G,2,G2 ,VCCO_LEFT,VCCO,"6,7"
G,3,G3 ,IO_L40P_6/VREF_6,VREF,6
G,12,G12 ,IO_L24N_2,I/O,2
G,13,G13 ,IO_L24P_2,I/O,2
G,14,G14 ,IO_L40N_2,I/O,2
H,1,H1 ,IO_L40N_6,I/O,6
H,2,H2 ,IO_L24P_6,I/O,6
H,3,H3 ,IO_L24N_6/VREF_6,VREF,6
H,12,H12 ,IO_L40P_2/VREF_2,VREF,2
H,13,H13 ,VCCO_RIGHT,VCCO,"2,3"
H,14,H14 ,IO_L40N_3/VREF_3,VREF,3
J,1,J1 ,IO_L23P_6,I/O,6
J,2,J2 ,IO_L23N_6,I/O,6
J,3,J3 ,IO_L22P_6,I/O,6
J,12,J12 ,IO_L24N_3,I/O,3
J,13,J13 ,IO_L40P_3,I/O,3
J,14,J14 ,GND,GND,N/A
K,1,K1 ,IO_L22N_6,I/O,6
K,2,K2 ,IO_L20P_6,I/O,6
K,3,K3 ,IO_L20N_6,I/O,6
K,12,K12 ,IO_L23P_3/VREF_3,VREF,3
K,13,K13 ,IO_L23N_3,I/O,3
K,14,K14 ,IO_L24P_3,I/O,3
L,1,L1 ,GND,GND,N/A
L,2,L2 ,VCCO_LEFT,VCCO,"6,7"
L,3,L3 ,IO_L01N_6/VRP_6,DCI,6
L,12,L12 ,IO_L20N_3,I/O,3
L,13,L13 ,IO_L22P_3,I/O,3
L,14,L14 ,IO_L22N_3,I/O,3
M,1,M1 ,IO_L01P_6/VRN_6,DCI,6
M,2,M2 ,M1,CONFIG,VCCAUX
M,3,M3 ,GND,GND,N/A
M,4,M4 ,IO_L27N_5/VREF_5,VREF,5
M,5,M5 ,VCCAUX,VCCAUX,N/A
M,6,M6 ,IO_L31N_5/D4,DUAL,5
M,7,M7 ,IO_L32P_4/GCLK0,GCLK,4
M,8,M8 ,IO_L31N_4/INIT_B,DUAL,4
M,9,M9 ,VCCINT,VCCINT,N/A
M,10,M10 ,IO_L27N_4/DIN/D0,DUAL,4
M,11,M11 ,IO_L01P_4/VRN_4,DCI,4
M,12,M12 ,VCCO_RIGHT,VCCO,"2,3"
M,13,M13 ,GND,GND,N/A
M,14,M14 ,IO_L20P_3,I/O,3
N,1,N1 ,M0,CONFIG,VCCAUX
N,2,N2 ,IO_L01P_5/CS_B,DUAL,5
N,2,N3,VCCO_BOTTOM,VCCO,"4,5"
N,4,N4 ,IO_L28P_5/D7,DUAL,5
N,5,N5 ,VCCINT,VCCINT,N/A
N,6,N6 ,GND,GND,N/A
N,7,N7 ,VCCO_BOTTOM,VCCO,"4,5"
N,8,N8 ,IO_L31P_4/DOUT/BUSY,DUAL,4
N,9,N9 ,IO_L30N_4/D2,DUAL,4
N,10,N10 ,IO_L27P_4/D1,DUAL,4
N,11,N11 ,GND,GND,N/A
N,12,N12 ,IO/VREF_4,VREF,4
N,13,N13 ,IO_L01N_3/VRP_3,DCI,3
N,14,N14 ,IO_L01P_3/VRN_3,DCI,3
P,1,P1 ,M2,CONFIG,VCCAUX
P,2,P2 ,IO_L01N_5/RDWR_B,DUAL,5
P,3,P3 ,IO_L27P_5,I/O,5
P,4,P4 ,IO_L28N_5/D6,DUAL,5
P,5,P5 ,IO_L31P_5/D5,DUAL,5
P,6,P6 ,IO_L32P_5/GCLK2,GCLK,5
P,7,P7 ,IO_L32N_5/GCLK3,GCLK,5
P,8,P8 ,IO_L32N_4/GCLK1,GCLK,4
P,9,P9 ,IO_L30P_4/D3,DUAL,4
P,10,P10 ,VCCAUX,VCCAUX,N/A
P,11,P11 ,VCCO_BOTTOM,VCCO,"4,5"
P,12,P12 ,IO_L01N_4/VRP_4,DCI,4
P,13,P13 ,DONE,CONFIG,VCCAUX
P,14,P14 ,CCLK,CONFIG,VCCAUX
