SORT_ROW,SORT_ROW_#,SORT_COLUMN,PIN_NUMBER,XC3S4000,XC3S4000_TYPE,XC3S5000,XC3S5000_TYPE,BANK
A,1,1,A1,GND,GND,GND,GND,N/A
A,1,2,A2,GND,GND,GND,GND,N/A
A,1,3,A3,IO_L01P_0/VRN_0,DCI,IO_L01P_0/VRN_0,DCI,0
A,1,4,A4,IO_L02P_0,I/O,IO_L02P_0,I/O,0
A,1,5,A5,GND,GND,GND,GND,N/A
A,1,6,A6,IO_L05P_0/VREF_0,VREF,IO_L05P_0/VREF_0,VREF,0
A,1,7,A7,N.C.,N.C.,IO_L34P_0,I/O,0
A,1,8,A8,IO_L36P_0,I/O,IO_L36P_0,I/O,0
A,1,9,A9,GND,GND,GND,GND,N/A
A,1,10,A10,IO_L38P_0,I/O,IO_L38P_0,I/O,0
A,1,11,A11,N.C.,N.C.,IO_L40P_0,I/O,0
A,1,12,A12,IO_L15P_0,I/O,IO_L15P_0,I/O,0
A,1,13,A13,GND,GND,GND,GND,N/A
A,1,14,A14,IO_L22P_0,I/O,IO_L22P_0,I/O,0
A,1,15,A15,IO_L26P_0/VREF_0,VREF,IO_L26P_0/VREF_0,VREF,0
A,1,16,A16,GND,GND,GND,GND,N/A
A,1,17,A17,IO_L32P_0/GCLK6,GCLK,IO_L32P_0/GCLK6,GCLK,0
A,1,18,A18,IO,I/O,IO,I/O,1
A,1,19,A19,GND,GND,GND,GND,N/A
A,1,20,A20,IO_L40N_1,I/O,IO_L40N_1,I/O,1
A,1,21,A21,IO_L26N_1,I/O,IO_L26N_1,I/O,1
A,1,22,A22,GND,GND,GND,GND,N/A
A,1,23,A23,IO_L19N_1,I/O,IO_L19N_1,I/O,1
A,1,24,A24,IO_L15N_1,I/O,IO_L15N_1,I/O,1
A,1,25,A25,IO_L14N_1,I/O,IO_L14N_1,I/O,1
A,1,26,A26,GND,GND,GND,GND,N/A
A,1,27,A27,IO_L08N_1,I/O,IO_L08N_1,I/O,1
A,1,28,A28,N.C.,N.C.,IO_L34N_1,I/O,1
A,1,29,A29,IO_L05N_1,I/O,IO_L05N_1,I/O,1
A,1,30,A30,GND,GND,GND,GND,N/A
A,1,31,A31,IO_L02N_1,I/O,IO_L02N_1,I/O,1
A,1,32,A32,IO_L01N_1/VRP_1,DCI,IO_L01N_1/VRP_1,DCI,1
A,1,33,A33,GND,GND,GND,GND,N/A
A,1,34,A34,GND,GND,GND,GND,N/A
B,2,1,B1,GND,GND,GND,GND,N/A
B,2,2,B2,GND,GND,GND,GND,N/A
B,2,3,B3,IO_L01N_0/VRP_0,DCI,IO_L01N_0/VRP_0,DCI,0
B,2,4,B4,IO_L02N_0,I/O,IO_L02N_0,I/O,0
B,2,5,B5,IO_L03P_0,I/O,IO_L03P_0,I/O,0
B,2,6,B6,IO_L05N_0,I/O,IO_L05N_0,I/O,0
B,2,7,B7,N.C.,N.C.,IO_L34N_0,I/O,0
B,2,8,B8,IO_L36N_0,I/O,IO_L36N_0,I/O,0
B,2,9,B9,IO,I/O,IO,I/O,0
B,2,10,B10,IO_L38N_0,I/O,IO_L38N_0,I/O,0
B,2,11,B11,N.C.,N.C.,IO_L40N_0,I/O,0
B,2,12,B12,IO_L15N_0,I/O,IO_L15N_0,I/O,0
B,2,13,B13,VCCO_0,VCCO,VCCO_0,VCCO,0
B,2,14,B14,IO_L22N_0,I/O,IO_L22N_0,I/O,0
B,2,15,B15,IO_L26N_0,I/O,IO_L26N_0,I/O,0
B,2,16,B16,IO_L28P_0,I/O,IO_L28P_0,I/O,0
B,2,17,B17,IO_L32N_0/GCLK7,GCLK,IO_L32N_0/GCLK7,GCLK,0
B,2,18,B18,IO_L32N_1/GCLK5,GCLK,IO_L32N_1/GCLK5,GCLK,1
B,2,19,B19,IO_L28N_1,I/O,IO_L28N_1,I/O,1
B,2,20,B20,IO_L40P_1,I/O,IO_L40P_1,I/O,1
B,2,21,B21,IO_L26P_1,I/O,IO_L26P_1,I/O,1
B,2,22,B22,VCCO_1,VCCO,VCCO_1,VCCO,1
B,2,23,B23,IO_L19P_1,I/O,IO_L19P_1,I/O,1
B,2,24,B24,IO_L15P_1,I/O,IO_L15P_1,I/O,1
B,2,25,B25,IO_L14P_1,I/O,IO_L14P_1,I/O,1
B,2,26,B26,IO,I/O,IO,I/O,1
B,2,27,B27,IO_L08P_1,I/O,IO_L08P_1,I/O,1
B,2,28,B28,N.C.,N.C.,IO_L34P_1,I/O,1
B,2,29,B29,IO_L05P_1,I/O,IO_L05P_1,I/O,1
B,2,30,B30,IO_L03N_1,I/O,IO_L03N_1,I/O,1
B,2,31,B31,IO_L02P_1,I/O,IO_L02P_1,I/O,1
B,2,32,B32,IO_L01P_1/VRN_1,DCI,IO_L01P_1/VRN_1,DCI,1
B,2,33,B33,GND,GND,GND,GND,N/A
B,2,34,B34,GND,GND,GND,GND,N/A
C,3,1,C1,IO_L01N_7/VRP_7,DCI,IO_L01N_7/VRP_7,DCI,7
C,3,2,C2,IO_L01P_7/VRN_7,DCI,IO_L01P_7/VRN_7,DCI,7
C,3,3,C3,GND,GND,GND,GND,N/A
C,3,4,C4,VCCO_0,VCCO,VCCO_0,VCCO,0
C,3,5,C5,IO_L03N_0,I/O,IO_L03N_0,I/O,0
C,3,6,C6,IO_L04P_0,I/O,IO_L04P_0,I/O,0
C,3,7,C7,N.C.,N.C.,IO_L33P_0,I/O,0
C,3,8,C8,VCCO_0,VCCO,VCCO_0,VCCO,0
C,3,9,C9,IO_L08P_0,I/O,IO_L08P_0,I/O,0
C,3,10,C10,IO_L37P_0,I/O,IO_L37P_0,I/O,0
C,3,11,C11,GND,GND,GND,GND,N/A
C,3,12,C12,IO_L14P_0,I/O,IO_L14P_0,I/O,0
C,3,13,C13,IO_L17P_0,I/O,IO_L17P_0,I/O,0
C,3,14,C14,IO_L21P_0,I/O,IO_L21P_0,I/O,0
C,3,15,C15,IO_L25P_0,I/O,IO_L25P_0,I/O,0
C,3,16,C16,IO_L28N_0,I/O,IO_L28N_0,I/O,0
C,3,17,C17,IO_L31P_0/VREF_0,VREF,IO_L31P_0/VREF_0,VREF,0
C,3,18,C18,IO_L32P_1/GCLK4,GCLK,IO_L32P_1/GCLK4,GCLK,1
C,3,19,C19,IO_L28P_1,I/O,IO_L28P_1,I/O,1
C,3,20,C20,IO_L39N_1,I/O,IO_L39N_1,I/O,1
C,3,21,C21,IO_L25N_1,I/O,IO_L25N_1,I/O,1
C,3,22,C22,IO_L22N_1,I/O,IO_L22N_1,I/O,1
C,3,23,C23,IO,I/O,IO,I/O,1
C,3,24,C24,GND,GND,GND,GND,N/A
C,3,25,C25,IO_L13N_1,I/O,IO_L13N_1,I/O,1
C,3,26,C26,IO_L10N_1/VREF_1,VREF,IO_L10N_1/VREF_1,VREF,1
C,3,27,C27,VCCO_1,VCCO,VCCO_1,VCCO,1
C,3,28,C28,N.C.,N.C.,IO_L33N_1,I/O,1
C,3,29,C29,IO_L04N_1,I/O,IO_L04N_1,I/O,1
C,3,30,C30,IO_L03P_1,I/O,IO_L03P_1,I/O,1
C,3,31,C31,VCCO_1,VCCO,VCCO_1,VCCO,1
C,3,32,C32,GND,GND,GND,GND,N/A
C,3,33,C33,IO_L01N_2/VRP_2,DCI,IO_L01N_2/VRP_2,DCI,2
C,3,34,C34,IO_L01P_2/VRN_2,DCI,IO_L01P_2/VRN_2,DCI,2
D,4,1,D1,IO_L02N_7,I/O,IO_L02N_7,I/O,7
D,4,2,D2,IO_L02P_7,I/O,IO_L02P_7,I/O,7
D,4,3,D3,VCCO_7,VCCO,VCCO_7,VCCO,7
D,4,4,D4,PROG_B,CONFIG,PROG_B,CONFIG,VCCAUX
D,4,5,D5,IO/VREF_0,VREF,IO/VREF_0,VREF,0
D,4,6,D6,IO_L04N_0,I/O,IO_L04N_0,I/O,0
D,4,7,D7,N.C.,N.C.,IO_L33N_0,I/O,0
D,4,8,D8,IO_L35P_0,I/O,IO_L35P_0,I/O,0
D,4,9,D9,IO_L08N_0,I/O,IO_L08N_0,I/O,0
D,4,10,D10,IO_L37N_0,I/O,IO_L37N_0,I/O,0
D,4,11,D11,VCCO_0,VCCO,VCCO_0,VCCO,0
D,4,12,D12,IO_L14N_0,I/O,IO_L14N_0,I/O,0
D,4,13,D13,IO_L17N_0,I/O,IO_L17N_0,I/O,0
D,4,14,D14,IO_L21N_0,I/O,IO_L21N_0,I/O,0
D,4,15,D15,IO_L25N_0,I/O,IO_L25N_0,I/O,0
D,4,16,D16,VCCO_0,VCCO,VCCO_0,VCCO,0
D,4,17,D17,IO_L31N_0,I/O,IO_L31N_0,I/O,0
D,4,18,D18,IO_L31N_1/VREF_1,VREF,IO_L31N_1/VREF_1,VREF,1
D,4,19,D19,VCCO_1,VCCO,VCCO_1,VCCO,1
D,4,20,D20,IO_L39P_1,I/O,IO_L39P_1,I/O,1
D,4,21,D21,IO_L25P_1,I/O,IO_L25P_1,I/O,1
D,4,22,D22,IO_L22P_1,I/O,IO_L22P_1,I/O,1
D,4,23,D23,IO_L18N_1,I/O,IO_L18N_1,I/O,1
D,4,24,D24,VCCO_1,VCCO,VCCO_1,VCCO,1
D,4,25,D25,IO_L13P_1,I/O,IO_L13P_1,I/O,1
D,4,26,D26,IO_L10P_1,I/O,IO_L10P_1,I/O,1
D,4,27,D27,IO_L07N_1,I/O,IO_L07N_1,I/O,1
D,4,28,D28,N.C.,N.C.,IO_L33P_1,I/O,1
D,4,29,D29,IO_L04P_1,I/O,IO_L04P_1,I/O,1
D,4,30,D30,IO/VREF_1,VREF,IO/VREF_1,VREF,1
D,4,31,D31,TCK,JTAG,TCK,JTAG,VCCAUX
D,4,32,D32,VCCO_2,VCCO,VCCO_2,VCCO,2
D,4,33,D33,IO_L02N_2,I/O,IO_L02N_2,I/O,2
D,4,34,D34,IO_L02P_2,I/O,IO_L02P_2,I/O,2
E,5,1,E1,GND,GND,GND,GND,N/A
E,5,2,E2,IO_L03N_7/VREF_7,VREF,IO_L03N_7/VREF_7,VREF,7
E,5,3,E3,IO_L03P_7,I/O,IO_L03P_7,I/O,7
E,5,4,E4,TDI,JTAG,TDI,JTAG,VCCAUX
E,5,5,E5,GND,GND,GND,GND,N/A
E,5,6,E6,VCCAUX,VCCAUX,VCCAUX,VCCAUX,N/A
E,5,7,E7,IO_L06P_0,I/O,IO_L06P_0,I/O,0
E,5,8,E8,IO_L35N_0,I/O,IO_L35N_0,I/O,0
E,5,9,E9,GND,GND,GND,GND,N/A
E,5,10,E10,IO/VREF_0,VREF,IO/VREF_0,VREF,0
E,5,11,E11,VCCAUX,VCCAUX,VCCAUX,VCCAUX,N/A
E,5,12,E12,IO_L13P_0,I/O,IO_L13P_0,I/O,0
E,5,13,E13,GND,GND,GND,GND,N/A
E,5,14,E14,IO_L20P_0,I/O,IO_L20P_0,I/O,0
E,5,15,E15,VCCAUX,VCCAUX,VCCAUX,VCCAUX,N/A
E,5,16,E16,GND,GND,GND,GND,N/A
E,5,17,E17,IO,I/O,IO,I/O,0
E,5,18,E18,IO_L31P_1,I/O,IO_L31P_1,I/O,1
E,5,19,E19,GND,GND,GND,GND,N/A
E,5,20,E20,VCCAUX,VCCAUX,VCCAUX,VCCAUX,N/A
E,5,21,E21,IO,I/O,IO,I/O,1
E,5,22,E22,GND,GND,GND,GND,N/A
E,5,23,E23,IO_L18P_1,I/O,IO_L18P_1,I/O,1
E,5,24,E24,VCCAUX,VCCAUX,VCCAUX,VCCAUX,N/A
E,5,25,E25,IO,I/O,IO,I/O,1
E,5,26,E26,GND,GND,GND,GND,N/A
E,5,27,E27,IO_L07P_1,I/O,IO_L07P_1,I/O,1
E,5,28,E28,IO_L06N_1/VREF_1,VREF,IO_L06N_1/VREF_1,VREF,1
E,5,29,E29,VCCAUX,VCCAUX,VCCAUX,VCCAUX,N/A
E,5,30,E30,GND,GND,GND,GND,N/A
E,5,31,E31,TDO,JTAG,TDO,JTAG,VCCAUX
E,5,32,E32,IO_L03N_2/VREF_2,VREF,IO_L03N_2/VREF_2,VREF,2
E,5,33,E33,IO_L03P_2,I/O,IO_L03P_2,I/O,2
E,5,34,E34,GND,GND,GND,GND,N/A
F,6,1,F1,IO_L05N_7,I/O,IO_L05N_7,I/O,7
F,6,2,F2,IO_L05P_7,I/O,IO_L05P_7,I/O,7
F,6,3,F3,IO_L04N_7,I/O,IO_L04N_7,I/O,7
F,6,4,F4,IO_L04P_7,I/O,IO_L04P_7,I/O,7
F,6,5,F5,VCCAUX,VCCAUX,VCCAUX,VCCAUX,N/A
F,6,6,F6,IO,I/O,IO,I/O,0
F,6,7,F7,IO_L06N_0,I/O,IO_L06N_0,I/O,0
F,6,8,F8,IO,I/O,IO,I/O,0
F,6,9,F9,IO_L07P_0,I/O,IO_L07P_0,I/O,0
F,6,10,F10,IO_L10P_0,I/O,IO_L10P_0,I/O,0
F,6,11,F11,N.C.,N.C.,IO_L39P_0,I/O,0
F,6,12,F12,IO_L13N_0,I/O,IO_L13N_0,I/O,0
F,6,13,F13,VCCO_0,VCCO,VCCO_0,VCCO,0
F,6,14,F14,IO_L20N_0,I/O,IO_L20N_0,I/O,0
F,6,15,F15,IO_L24P_0,I/O,IO_L24P_0,I/O,0
F,6,16,F16,IO_L27P_0,I/O,IO_L27P_0,I/O,0
F,6,17,F17,IO_L30P_0,I/O,IO_L30P_0,I/O,0
F,6,18,F18,IO,I/O,IO,I/O,1
F,6,19,F19,IO_L27N_1,I/O,IO_L27N_1,I/O,1
F,6,20,F20,IO_L38N_1,I/O,IO_L38N_1,I/O,1
F,6,21,F21,IO_L24N_1,I/O,IO_L24N_1,I/O,1
F,6,22,F22,VCCO_1,VCCO,VCCO_1,VCCO,1
F,6,23,F23,IO_L17N_1/VREF_1,VREF,IO_L17N_1/VREF_1,VREF,1
F,6,24,F24,N.C.,N.C.,IO_L36N_1,I/O,1
F,6,25,F25,IO_L12N_1,I/O,IO_L12N_1,I/O,1
F,6,26,F26,IO_L09N_1,I/O,IO_L09N_1,I/O,1
F,6,27,F27,IO,I/O,IO,I/O,1
F,6,28,F28,IO_L06P_1,I/O,IO_L06P_1,I/O,1
F,6,29,F29,IO,I/O,IO,I/O,1
F,6,30,F30,VCCAUX,VCCAUX,VCCAUX,VCCAUX,N/A
F,6,31,F31,IO_L04N_2,I/O,IO_L04N_2,I/O,2
F,6,32,F32,IO_L04P_2,I/O,IO_L04P_2,I/O,2
F,6,33,F33,IO_L41N_2,I/O,IO_L41N_2,I/O,2
F,6,34,F34,IO_L41P_2,I/O,IO_L41P_2,I/O,2
G,7,1,G1,IO_L43N_7,I/O,IO_L43N_7,I/O,7
G,7,2,G2,IO_L42P_7,I/O,IO_L42P_7,I/O,7
G,7,3,G3,N.C.,N.C.,IO_L41N_7,I/O,7
G,7,4,G4,N.C.,N.C.,IO_L41P_7,I/O,7
G,7,5,G5,IO_L06N_7,I/O,IO_L06N_7,I/O,7
G,7,6,G6,IO_L06P_7,I/O,IO_L06P_7,I/O,7
G,7,7,G7,GND,GND,GND,GND,N/A
G,7,8,G8,VCCO_0,VCCO,VCCO_0,VCCO,0
G,7,9,G9,IO_L07N_0,I/O,IO_L07N_0,I/O,0
G,7,10,G10,IO_L10N_0,I/O,IO_L10N_0,I/O,0
G,7,11,G11,N.C.,N.C.,IO_L39N_0,I/O,0
G,7,12,G12,IO,I/O,IO,I/O,0
G,7,13,G13,IO_L16P_0,I/O,IO_L16P_0,I/O,0
G,7,14,G14,IO_L19P_0,I/O,IO_L19P_0,I/O,0
G,7,15,G15,IO_L24N_0,I/O,IO_L24N_0,I/O,0
G,7,16,G16,IO_L27N_0,I/O,IO_L27N_0,I/O,0
G,7,17,G17,IO_L30N_0,I/O,IO_L30N_0,I/O,0
G,7,18,G18,IO_L30N_1,I/O,IO_L30N_1,I/O,1
G,7,19,G19,IO_L27P_1,I/O,IO_L27P_1,I/O,1
G,7,20,G20,IO_L38P_1,I/O,IO_L38P_1,I/O,1
G,7,21,G21,IO_L24P_1,I/O,IO_L24P_1,I/O,1
G,7,22,G22,IO_L21N_1,I/O,IO_L21N_1,I/O,1
G,7,23,G23,IO_L17P_1,I/O,IO_L17P_1,I/O,1
G,7,24,G24,N.C.,N.C.,IO_L36P_1,I/O,1
G,7,25,G25,IO_L12P_1,I/O,IO_L12P_1,I/O,1
G,7,26,G26,IO_L09P_1,I/O,IO_L09P_1,I/O,1
G,7,27,G27,VCCO_1,VCCO,VCCO_1,VCCO,1
G,7,28,G28,GND,GND,GND,GND,N/A
G,7,29,G29,IO_L05N_2,I/O,IO_L05N_2,I/O,2
G,7,30,G30,IO_L05P_2,I/O,IO_L05P_2,I/O,2
G,7,31,G31,N.C.,N.C.,IO_L42N_2,I/O,2
G,7,32,G32,N.C.,N.C.,IO_L42P_2,I/O,2
G,7,33,G33,IO_L43N_2,I/O,IO_L43N_2,I/O,2
G,7,34,G34,IO_L44P_2,I/O,IO_L44P_2,I/O,2
H,8,1,H1,IO_L08N_7,I/O,IO_L08N_7,I/O,7
H,8,2,H2,IO_L08P_7,I/O,IO_L08P_7,I/O,7
H,8,3,H3,VCCO_7,VCCO,VCCO_7,VCCO,7
H,8,4,H4,IO_L10P_7/VREF_7,VREF,IO_L10P_7/VREF_7,VREF,7
H,8,5,H5,IO_L07N_7,I/O,IO_L07N_7,I/O,7
H,8,6,H6,IO_L07P_7,I/O,IO_L07P_7,I/O,7
H,8,7,H7,VCCO_7,VCCO,VCCO_7,VCCO,7
H,8,8,H8,IO,I/O,IO,I/O,0
H,8,9,H9,IO,I/O,IO,I/O,0
H,8,10,H10,IO_L09P_0,I/O,IO_L09P_0,I/O,0
H,8,11,H11,VCCO_0,VCCO,VCCO_0,VCCO,0
H,8,12,H12,IO_L12P_0,I/O,IO_L12P_0,I/O,0
H,8,13,H13,IO_L16N_0,I/O,IO_L16N_0,I/O,0
H,8,14,H14,IO_L19N_0,I/O,IO_L19N_0,I/O,0
H,8,15,H15,VCCO_0,VCCO,VCCO_0,VCCO,0
H,8,16,H16,VCCAUX,VCCAUX,VCCAUX,VCCAUX,N/A
H,8,17,H17,IO_L29P_0,I/O,IO_L29P_0,I/O,0
H,8,18,H18,IO_L30P_1,I/O,IO_L30P_1,I/O,1
H,8,19,H19,VCCAUX,VCCAUX,VCCAUX,VCCAUX,N/A
H,8,20,H20,VCCO_1,VCCO,VCCO_1,VCCO,1
H,8,21,H21,IO_L23N_1,I/O,IO_L23N_1,I/O,1
H,8,22,H22,IO_L21P_1,I/O,IO_L21P_1,I/O,1
H,8,23,H23,IO,I/O,IO,I/O,1
H,8,24,H24,VCCO_1,VCCO,VCCO_1,VCCO,1
H,8,25,H25,IO_L11N_1,I/O,IO_L11N_1,I/O,1
H,8,26,H26,IO,I/O,IO,I/O,1
H,8,27,H27,TMS,JTAG,TMS,JTAG,VCCAUX
H,8,28,H28,VCCO_2,VCCO,VCCO_2,VCCO,2
H,8,29,H29,IO_L06N_2,I/O,IO_L06N_2,I/O,2
H,8,30,H30,IO_L06P_2,I/O,IO_L06P_2,I/O,2
H,8,31,H31,IO_L09N_2/VREF_2,VREF,IO_L09N_2/VREF_2,VREF,2
H,8,32,H32,VCCO_2,VCCO,VCCO_2,VCCO,2
H,8,33,H33,IO_L07N_2,I/O,IO_L07N_2,I/O,2
H,8,34,H34,IO_L07P_2,I/O,IO_L07P_2,I/O,2
J,9,1,J1,GND,GND,GND,GND,N/A
J,9,2,J2,IO_L11N_7,I/O,IO_L11N_7,I/O,7
J,9,3,J3,IO_L11P_7,I/O,IO_L11P_7,I/O,7
J,9,4,J4,IO_L10N_7,I/O,IO_L10N_7,I/O,7
J,9,5,J5,GND,GND,GND,GND,N/A
J,9,6,J6,IO_L09N_7,I/O,IO_L09N_7,I/O,7
J,9,7,J7,IO_L09P_7,I/O,IO_L09P_7,I/O,7
J,9,8,J8,IO_L12P_7,I/O,IO_L12P_7,I/O,7
J,9,9,J9,N.C.,N.C.,IO,I/O,0
J,9,10,J10,IO_L09N_0,I/O,IO_L09N_0,I/O,0
J,9,11,J11,IO,I/O,IO,I/O,0
J,9,12,J12,IO_L12N_0,I/O,IO_L12N_0,I/O,0
J,9,13,J13,GND,GND,GND,GND,N/A
J,9,14,J14,IO/VREF_0,VREF,IO/VREF_0,VREF,0
J,9,15,J15,IO_L23P_0,I/O,IO_L23P_0,I/O,0
J,9,16,J16,GND,GND,GND,GND,N/A
J,9,17,J17,IO_L29N_0,I/O,IO_L29N_0,I/O,0
J,9,18,J18,IO_L29N_1,I/O,IO_L29N_1,I/O,1
J,9,19,J19,GND,GND,GND,GND,N/A
J,9,20,J20,IO_L37N_1,I/O,IO_L37N_1,I/O,1
J,9,21,J21,IO_L23P_1,I/O,IO_L23P_1,I/O,1
J,9,22,J22,GND,GND,GND,GND,N/A
J,9,23,J23,IO_L16N_1,I/O,IO_L16N_1,I/O,1
J,9,24,J24,N.C.,N.C.,IO_L35N_1,I/O,1
J,9,25,J25,IO_L11P_1,I/O,IO_L11P_1,I/O,1
J,9,26,J26,N.C.,N.C.,IO,I/O,1
J,9,27,J27,IO_L11N_2,I/O,IO_L11N_2,I/O,2
J,9,28,J28,IO_L08N_2,I/O,IO_L08N_2,I/O,2
J,9,29,J29,IO_L08P_2,I/O,IO_L08P_2,I/O,2
J,9,30,J30,GND,GND,GND,GND,N/A
J,9,31,J31,IO_L09P_2,I/O,IO_L09P_2,I/O,2
J,9,32,J32,IO_L10N_2,I/O,IO_L10N_2,I/O,2
J,9,33,J33,IO_L10P_2,I/O,IO_L10P_2,I/O,2
J,9,34,J34,GND,GND,GND,GND,N/A
K,10,1,K1,IO_L16N_7,I/O,IO_L16N_7,I/O,7
K,10,2,K2,IO_L16P_7/VREF_7,VREF,IO_L16P_7/VREF_7,VREF,7
K,10,3,K3,IO_L15N_7,I/O,IO_L15N_7,I/O,7
K,10,4,K4,IO_L15P_7,I/O,IO_L15P_7,I/O,7
K,10,5,K5,IO_L14N_7,I/O,IO_L14N_7,I/O,7
K,10,6,K6,IO_L14P_7,I/O,IO_L14P_7,I/O,7
K,10,7,K7,IO_L13N_7,I/O,IO_L13N_7,I/O,7
K,10,8,K8,IO_L13P_7,I/O,IO_L13P_7,I/O,7
K,10,9,K9,IO_L12N_7,I/O,IO_L12N_7,I/O,7
K,10,10,K10,GND,GND,GND,GND,N/A
K,10,11,K11,N.C.,N.C.,IO,I/O,0
K,10,12,K12,IO_L11P_0,I/O,IO_L11P_0,I/O,0
K,10,13,K13,IO,I/O,IO,I/O,0
K,10,14,K14,IO_L18P_0,I/O,IO_L18P_0,I/O,0
K,10,15,K15,IO_L23N_0,I/O,IO_L23N_0,I/O,0
K,10,16,K16,IO,I/O,IO,I/O,0
K,10,17,K17,IO,I/O,IO,I/O,0
K,10,18,K18,IO_L29P_1,I/O,IO_L29P_1,I/O,1
K,10,19,K19,IO,I/O,IO,I/O,1
K,10,20,K20,IO_L37P_1,I/O,IO_L37P_1,I/O,1
K,10,21,K21,IO/VREF_1,VREF,IO/VREF_1,VREF,1
K,10,22,K22,IO_L20N_1,I/O,IO_L20N_1,I/O,1
K,10,23,K23,IO_L16P_1,I/O,IO_L16P_1,I/O,1
K,10,24,K24,N.C.,N.C.,IO_L35P_1,I/O,1
K,10,25,K25,GND,GND,GND,GND,N/A
K,10,26,K26,IO_L11P_2,I/O,IO_L11P_2,I/O,2
K,10,27,K27,IO_L12N_2,I/O,IO_L12N_2,I/O,2
K,10,28,K28,IO_L12P_2,I/O,IO_L12P_2,I/O,2
K,10,29,K29,IO_L13N_2,I/O,IO_L13N_2,I/O,2
K,10,30,K30,IO_L13P_2/VREF_2,VREF,IO_L13P_2/VREF_2,VREF,2
K,10,31,K31,IO_L14N_2,I/O,IO_L14N_2,I/O,2
K,10,32,K32,IO_L14P_2,I/O,IO_L14P_2,I/O,2
K,10,33,K33,IO_L15N_2,I/O,IO_L15N_2,I/O,2
K,10,34,K34,IO_L15P_2,I/O,IO_L15P_2,I/O,2
L,11,1,L1,IO_L19N_7/VREF_7,VREF,IO_L19N_7/VREF_7,VREF,7
L,11,2,L2,IO_L19P_7,I/O,IO_L19P_7,I/O,7
L,11,3,L3,GND,GND,GND,GND,N/A
L,11,4,L4,VCCO_7,VCCO,VCCO_7,VCCO,7
L,11,5,L5,VCCAUX,VCCAUX,VCCAUX,VCCAUX,N/A
L,11,6,L6,N.C.,N.C.,IO_L44N_7,I/O,7
L,11,7,L7,N.C.,N.C.,IO_L44P_7,I/O,7
L,11,8,L8,VCCO_7,VCCO,VCCO_7,VCCO,7
L,11,9,L9,IO_L17N_7,I/O,IO_L17N_7,I/O,7
L,11,10,L10,IO_L17P_7,I/O,IO_L17P_7,I/O,7
L,11,11,L11,HSWAP_EN,CONFIG,HSWAP_EN,CONFIG,VCCAUX
L,11,12,L12,IO_L11N_0,I/O,IO_L11N_0,I/O,0
L,11,13,L13,IO,I/O,IO,I/O,0
L,11,14,L14,IO_L18N_0,I/O,IO_L18N_0,I/O,0
L,11,15,L15,IO/VREF_0,VREF,IO/VREF_0,VREF,0
L,11,16,L16,IO,I/O,IO,I/O,0
L,11,17,L17,IO,I/O,IO,I/O,0
L,11,18,L18,IO/VREF_1,VREF,IO/VREF_1,VREF,1
L,11,19,L19,IO,I/O,IO,I/O,1
L,11,20,L20,IO,I/O,IO,I/O,1
L,11,21,L21,IO,I/O,IO,I/O,1
L,11,22,L22,IO_L20P_1,I/O,IO_L20P_1,I/O,1
L,11,23,L23,N.C.,N.C.,IO,I/O,1
L,11,24,L24,IO,I/O,IO,I/O,1
L,11,25,L25,IO_L16N_2,I/O,IO_L16N_2,I/O,2
L,11,26,L26,IO_L16P_2,I/O,IO_L16P_2,I/O,2
L,11,27,L27,VCCO_2,VCCO,VCCO_2,VCCO,2
L,11,28,L28,N.C.,N.C.,IO_L17N_2,I/O,2
L,11,29,L29,N.C.,N.C.,IO_L17P_2/VREF_2,VREF,2
L,11,30,L30,VCCAUX,VCCAUX,VCCAUX,VCCAUX,N/A
L,11,31,L31,VCCO_2,VCCO,VCCO_2,VCCO,2
L,11,32,L32,GND,GND,GND,GND,N/A
L,11,33,L33,IO_L45N_2,I/O,IO_L45N_2,I/O,2
L,11,34,L34,IO_L45P_2,I/O,IO_L45P_2,I/O,2
M,12,1,M1,IO_L45N_7,I/O,IO_L45N_7,I/O,7
M,12,2,M2,IO_L45P_7,I/O,IO_L45P_7,I/O,7
M,12,3,M3,IO_L23N_7,I/O,IO_L23N_7,I/O,7
M,12,4,M4,IO_L23P_7,I/O,IO_L23P_7,I/O,7
M,12,5,M5,IO_L22N_7,I/O,IO_L22N_7,I/O,7
M,12,6,M6,IO_L22P_7,I/O,IO_L22P_7,I/O,7
M,12,7,M7,IO_L21N_7,I/O,IO_L21N_7,I/O,7
M,12,8,M8,IO_L21P_7,I/O,IO_L21P_7,I/O,7
M,12,9,M9,IO_L24P_7,I/O,IO_L24P_7,I/O,7
M,12,10,M10,IO_L20N_7,I/O,IO_L20N_7,I/O,7
M,12,11,M11,IO_L20P_7,I/O,IO_L20P_7,I/O,7
M,12,12,M12,VCCINT,VCCINT,VCCINT,VCCINT,N/A
M,12,13,M13,VCCO_0,VCCO,VCCO_0,VCCO,0
M,12,14,M14,VCCO_0,VCCO,VCCO_0,VCCO,0
M,12,15,M15,VCCO_0,VCCO,VCCO_0,VCCO,0
M,12,16,M16,VCCO_0,VCCO,VCCO_0,VCCO,0
M,12,17,M17,VCCINT,VCCINT,VCCINT,VCCINT,N/A
M,12,18,M18,VCCINT,VCCINT,VCCINT,VCCINT,N/A
M,12,19,M19,VCCO_1,VCCO,VCCO_1,VCCO,1
M,12,20,M20,VCCO_1,VCCO,VCCO_1,VCCO,1
M,12,21,M21,VCCO_1,VCCO,VCCO_1,VCCO,1
M,12,22,M22,VCCO_1,VCCO,VCCO_1,VCCO,1
M,12,23,M23,VCCINT,VCCINT,VCCINT,VCCINT,N/A
M,12,24,M24,IO_L46N_2,I/O,IO_L46N_2,I/O,2
M,12,25,M25,IO_L46P_2,I/O,IO_L46P_2,I/O,2
M,12,26,M26,IO_L21N_2,I/O,IO_L21N_2,I/O,2
M,12,27,M27,IO_L47N_2,I/O,IO_L47N_2,I/O,2
M,12,28,M28,IO_L47P_2,I/O,IO_L47P_2,I/O,2
M,12,29,M29,IO_L19N_2,I/O,IO_L19N_2,I/O,2
M,12,30,M30,IO_L19P_2,I/O,IO_L19P_2,I/O,2
M,12,31,M31,IO_L20N_2,I/O,IO_L20N_2,I/O,2
M,12,32,M32,IO_L20P_2,I/O,IO_L20P_2,I/O,2
M,12,33,M33,IO_L48N_2,I/O,IO_L48N_2,I/O,2
M,12,34,M34,IO_L48P_2,I/O,IO_L48P_2,I/O,2
N,13,1,N1,GND,GND,GND,GND,N/A
N,13,2,N2,VCCO_7,VCCO,VCCO_7,VCCO,7
N,13,3,N3,IO_L25N_7,I/O,IO_L25N_7,I/O,7
N,13,4,N4,IO_L25P_7,I/O,IO_L25P_7,I/O,7
N,13,5,N5,GND,GND,GND,GND,N/A
N,13,6,N6,VCCO_7,VCCO,VCCO_7,VCCO,7
N,13,7,N7,IO_L46N_7,I/O,IO_L46N_7,I/O,7
N,13,8,N8,IO_L46P_7,I/O,IO_L46P_7,I/O,7
N,13,9,N9,GND,GND,GND,GND,N/A
N,13,10,N10,IO_L24N_7,I/O,IO_L24N_7,I/O,7
N,13,11,N11,IO_L26P_7,I/O,IO_L26P_7,I/O,7
N,13,12,N12,VCCO_7,VCCO,VCCO_7,VCCO,7
N,13,13,N13,VCCINT,VCCINT,VCCINT,VCCINT,N/A
N,13,14,N14,VCCINT,VCCINT,VCCINT,VCCINT,N/A
N,13,15,N15,VCCINT,VCCINT,VCCINT,VCCINT,N/A
N,13,16,N16,VCCINT,VCCINT,VCCINT,VCCINT,N/A
N,13,17,N17,GND,GND,GND,GND,N/A
N,13,18,N18,GND,GND,GND,GND,N/A
N,13,19,N19,VCCINT,VCCINT,VCCINT,VCCINT,N/A
N,13,20,N20,VCCINT,VCCINT,VCCINT,VCCINT,N/A
N,13,21,N21,VCCINT,VCCINT,VCCINT,VCCINT,N/A
N,13,22,N22,VCCINT,VCCINT,VCCINT,VCCINT,N/A
N,13,23,N23,VCCO_2,VCCO,VCCO_2,VCCO,2
N,13,24,N24,IO_L24N_2,I/O,IO_L24N_2,I/O,2
N,13,25,N25,IO_L21P_2,I/O,IO_L21P_2,I/O,2
N,13,26,N26,GND,GND,GND,GND,N/A
N,13,27,N27,IO_L22N_2,I/O,IO_L22N_2,I/O,2
N,13,28,N28,IO_L22P_2,I/O,IO_L22P_2,I/O,2
N,13,29,N29,VCCO_2,VCCO,VCCO_2,VCCO,2
N,13,30,N30,GND,GND,GND,GND,N/A
N,13,31,N31,IO_L23N_2/VREF_2,VREF,IO_L23N_2/VREF_2,VREF,2
N,13,32,N32,IO_L23P_2,I/O,IO_L23P_2,I/O,2
N,13,33,N33,VCCO_2,VCCO,VCCO_2,VCCO,2
N,13,34,N34,GND,GND,GND,GND,N/A
P,14,1,P1,IO_L49N_7,I/O,IO_L49N_7,I/O,7
P,14,2,P2,IO_L49P_7,I/O,IO_L49P_7,I/O,7
P,14,3,P3,IO_L29N_7,I/O,IO_L29N_7,I/O,7
P,14,4,P4,IO_L29P_7,I/O,IO_L29P_7,I/O,7
P,14,5,P5,IO_L28N_7,I/O,IO_L28N_7,I/O,7
P,14,6,P6,IO_L28P_7,I/O,IO_L28P_7,I/O,7
P,14,7,P7,IO_L27N_7,I/O,IO_L27N_7,I/O,7
P,14,8,P8,IO_L27P_7/VREF_7,VREF,IO_L27P_7/VREF_7,VREF,7
P,14,9,P9,N.C.,N.C.,IO_L47N_7,I/O,7
P,14,10,P10,N.C.,N.C.,IO_L47P_7,I/O,7
P,14,11,P11,IO_L26N_7,I/O,IO_L26N_7,I/O,7
P,14,12,P12,VCCO_7,VCCO,VCCO_7,VCCO,7
P,14,13,P13,VCCINT,VCCINT,VCCINT,VCCINT,N/A
P,14,14,P14,GND,GND,GND,GND,N/A
P,14,15,P15,GND,GND,GND,GND,N/A
P,14,16,P16,GND,GND,GND,GND,N/A
P,14,17,P17,GND,GND,GND,GND,N/A
P,14,18,P18,GND,GND,GND,GND,N/A
P,14,19,P19,GND,GND,GND,GND,N/A
P,14,20,P20,GND,GND,GND,GND,N/A
P,14,21,P21,GND,GND,GND,GND,N/A
P,14,22,P22,VCCINT,VCCINT,VCCINT,VCCINT,N/A
P,14,23,P23,VCCO_2,VCCO,VCCO_2,VCCO,2
P,14,24,P24,IO_L24P_2,I/O,IO_L24P_2,I/O,2
P,14,25,P25,N.C.,N.C.,IO_L49N_2,I/O,2
P,14,26,P26,N.C.,N.C.,IO_L49P_2,I/O,2
P,14,27,P27,IO_L50N_2,I/O,IO_L50N_2,I/O,2
P,14,28,P28,IO_L50P_2,I/O,IO_L50P_2,I/O,2
P,14,29,P29,IO_L26N_2,I/O,IO_L26N_2,I/O,2
P,14,30,P30,IO_L26P_2,I/O,IO_L26P_2,I/O,2
P,14,31,P31,IO_L27N_2,I/O,IO_L27N_2,I/O,2
P,14,32,P32,IO_L27P_2,I/O,IO_L27P_2,I/O,2
P,14,33,P33,IO_L28N_2,I/O,IO_L28N_2,I/O,2
P,14,34,P34,IO_L28P_2,I/O,IO_L28P_2,I/O,2
R,15,1,R1,IO_L32N_7,I/O,IO_L32N_7,I/O,7
R,15,2,R2,IO_L32P_7,I/O,IO_L32P_7,I/O,7
R,15,3,R3,IO_L31N_7,I/O,IO_L31N_7,I/O,7
R,15,4,R4,IO_L31P_7,I/O,IO_L31P_7,I/O,7
R,15,5,R5,VCCAUX,VCCAUX,VCCAUX,VCCAUX,N/A
R,15,6,R6,IO_L30N_7,I/O,IO_L30N_7,I/O,7
R,15,7,R7,IO_L30P_7,I/O,IO_L30P_7,I/O,7
R,15,8,R8,VCCO_7,VCCO,VCCO_7,VCCO,7
R,15,9,R9,IO_L33P_7,I/O,IO_L33P_7,I/O,7
R,15,10,R10,IO_L50N_7,I/O,IO_L50N_7,I/O,7
R,15,11,R11,IO_L50P_7,I/O,IO_L50P_7,I/O,7
R,15,12,R12,VCCO_7,VCCO,VCCO_7,VCCO,7
R,15,13,R13,VCCINT,VCCINT,VCCINT,VCCINT,N/A
R,15,14,R14,GND,GND,GND,GND,N/A
R,15,15,R15,GND,GND,GND,GND,N/A
R,15,16,R16,GND,GND,GND,GND,N/A
R,15,17,R17,GND,GND,GND,GND,N/A
R,15,18,R18,GND,GND,GND,GND,N/A
R,15,19,R19,GND,GND,GND,GND,N/A
R,15,20,R20,GND,GND,GND,GND,N/A
R,15,21,R21,GND,GND,GND,GND,N/A
R,15,22,R22,VCCINT,VCCINT,VCCINT,VCCINT,N/A
R,15,23,R23,VCCO_2,VCCO,VCCO_2,VCCO,2
R,15,24,R24,IO_L29N_2,I/O,IO_L29N_2,I/O,2
R,15,25,R25,IO_L29P_2,I/O,IO_L29P_2,I/O,2
R,15,26,R26,IO_L33N_2,I/O,IO_L33N_2,I/O,2
R,15,27,R27,VCCO_2,VCCO,VCCO_2,VCCO,2
R,15,28,R28,IO_L30N_2,I/O,IO_L30N_2,I/O,2
R,15,29,R29,IO_L30P_2,I/O,IO_L30P_2,I/O,2
R,15,30,R30,VCCAUX,VCCAUX,VCCAUX,VCCAUX,N/A
R,15,31,R31,IO_L31N_2,I/O,IO_L31N_2,I/O,2
R,15,32,R32,IO_L31P_2,I/O,IO_L31P_2,I/O,2
R,15,33,R33,IO_L32N_2,I/O,IO_L32N_2,I/O,2
R,15,34,R34,IO_L32P_2,I/O,IO_L32P_2,I/O,2
T,16,1,T1,GND,GND,GND,GND,N/A
T,16,2,T2,IO_L35N_7,I/O,IO_L35N_7,I/O,7
T,16,3,T3,IO_L35P_7,I/O,IO_L35P_7,I/O,7
T,16,4,T4,VCCO_7,VCCO,VCCO_7,VCCO,7
T,16,5,T5,GND,GND,GND,GND,N/A
T,16,6,T6,IO_L34N_7,I/O,IO_L34N_7,I/O,7
T,16,7,T7,IO_L34P_7,I/O,IO_L34P_7,I/O,7
T,16,8,T8,VCCAUX,VCCAUX,VCCAUX,VCCAUX,N/A
T,16,9,T9,GND,GND,GND,GND,N/A
T,16,10,T10,IO_L33N_7,I/O,IO_L33N_7,I/O,7
T,16,11,T11,N.C.,N.C.,IO_L51P_7,I/O,7
T,16,12,T12,VCCO_7,VCCO,VCCO_7,VCCO,7
T,16,13,T13,VCCINT,VCCINT,VCCINT,VCCINT,N/A
T,16,14,T14,GND,GND,GND,GND,N/A
T,16,15,T15,GND,GND,GND,GND,N/A
T,16,16,T16,GND,GND,GND,GND,N/A
T,16,17,T17,GND,GND,GND,GND,N/A
T,16,18,T18,GND,GND,GND,GND,N/A
T,16,19,T19,GND,GND,GND,GND,N/A
T,16,20,T20,GND,GND,GND,GND,N/A
T,16,21,T21,GND,GND,GND,GND,N/A
T,16,22,T22,VCCINT,VCCINT,VCCINT,VCCINT,N/A
T,16,23,T23,VCCO_2,VCCO,VCCO_2,VCCO,2
T,16,24,T24,N.C.,N.C.,IO_L51N_2,I/O,2
T,16,25,T25,IO_L33P_2,I/O,IO_L33P_2,I/O,2
T,16,26,T26,GND,GND,GND,GND,N/A
T,16,27,T27,VCCAUX,VCCAUX,VCCAUX,VCCAUX,N/A
T,16,28,T28,IO_L34N_2/VREF_2,VREF,IO_L34N_2/VREF_2,VREF,2
T,16,29,T29,IO_L34P_2,I/O,IO_L34P_2,I/O,2
T,16,30,T30,GND,GND,GND,GND,N/A
T,16,31,T31,VCCO_2,VCCO,VCCO_2,VCCO,2
T,16,32,T32,IO_L35N_2,I/O,IO_L35N_2,I/O,2
T,16,33,T33,IO_L35P_2,I/O,IO_L35P_2,I/O,2
T,16,34,T34,GND,GND,GND,GND,N/A
U,17,1,U1,IO_L40N_7/VREF_7,VREF,IO_L40N_7/VREF_7,VREF,7
U,17,2,U2,IO_L40P_7,I/O,IO_L40P_7,I/O,7
U,17,3,U3,IO_L39N_7,I/O,IO_L39N_7,I/O,7
U,17,4,U4,IO_L39P_7,I/O,IO_L39P_7,I/O,7
U,17,5,U5,IO_L38N_7,I/O,IO_L38N_7,I/O,7
U,17,6,U6,IO_L38P_7,I/O,IO_L38P_7,I/O,7
U,17,7,U7,IO_L37N_7,I/O,IO_L37N_7,I/O,7
U,17,8,U8,IO_L37P_7/VREF_7,VREF,IO_L37P_7/VREF_7,VREF,7
U,17,9,U9,IO_L36N_7,I/O,IO_L36N_7,I/O,7
U,17,10,U10,IO_L52P_7,I/O,IO_L52P_7,I/O,7
U,17,11,U11,N.C.,N.C.,IO_L51N_7,I/O,7
U,17,12,U12,VCCINT,VCCINT,VCCINT,VCCINT,N/A
U,17,13,U13,GND,GND,GND,GND,N/A
U,17,14,U14,GND,GND,GND,GND,N/A
U,17,15,U15,GND,GND,GND,GND,N/A
U,17,16,U16,GND,GND,GND,GND,N/A
U,17,17,U17,GND,GND,GND,GND,N/A
U,17,18,U18,GND,GND,GND,GND,N/A
U,17,19,U19,GND,GND,GND,GND,N/A
U,17,20,U20,GND,GND,GND,GND,N/A
U,17,21,U21,GND,GND,GND,GND,N/A
U,17,22,U22,GND,GND,GND,GND,N/A
U,17,23,U23,VCCINT,VCCINT,VCCINT,VCCINT,N/A
U,17,24,U24,N.C.,N.C.,IO_L51P_2,I/O,2
U,17,25,U25,IO_L36N_2,I/O,IO_L36N_2,I/O,2
U,17,26,U26,IO_L52P_2,I/O,IO_L52P_2,I/O,2
U,17,27,U27,IO_L37N_2,I/O,IO_L37N_2,I/O,2
U,17,28,U28,IO_L37P_2,I/O,IO_L37P_2,I/O,2
U,17,29,U29,IO_L38N_2,I/O,IO_L38N_2,I/O,2
U,17,30,U30,IO_L38P_2,I/O,IO_L38P_2,I/O,2
U,17,31,U31,IO_L39N_2,I/O,IO_L39N_2,I/O,2
U,17,32,U32,IO_L39P_2,I/O,IO_L39P_2,I/O,2
U,17,33,U33,IO_L40N_2,I/O,IO_L40N_2,I/O,2
U,17,34,U34,IO_L40P_2/VREF_2,VREF,IO_L40P_2/VREF_2,VREF,2
V,18,1,V1,IO_L40P_6/VREF_6,VREF,IO_L40P_6/VREF_6,VREF,6
V,18,2,V2,IO_L40N_6,I/O,IO_L40N_6,I/O,6
V,18,3,V3,IO_L39P_6,I/O,IO_L39P_6,I/O,6
V,18,4,V4,IO_L39N_6,I/O,IO_L39N_6,I/O,6
V,18,5,V5,IO_L38P_6,I/O,IO_L38P_6,I/O,6
V,18,6,V6,IO_L38N_6,I/O,IO_L38N_6,I/O,6
V,18,7,V7,IO_L52P_6,I/O,IO_L52P_6,I/O,6
V,18,8,V8,IO_L52N_6,I/O,IO_L52N_6,I/O,6
V,18,9,V9,IO_L51P_6,I/O,IO_L51P_6,I/O,6
V,18,10,V10,IO_L50N_6,I/O,IO_L50N_6,I/O,6
V,18,11,V11,N.C.,N.C.,IO_L49P_6,I/O,6
V,18,12,V12,VCCINT,VCCINT,VCCINT,VCCINT,N/A
V,18,13,V13,GND,GND,GND,GND,N/A
V,18,14,V14,GND,GND,GND,GND,N/A
V,18,15,V15,GND,GND,GND,GND,N/A
V,18,16,V16,GND,GND,GND,GND,N/A
V,18,17,V17,GND,GND,GND,GND,N/A
V,18,18,V18,GND,GND,GND,GND,N/A
V,18,19,V19,GND,GND,GND,GND,N/A
V,18,20,V20,GND,GND,GND,GND,N/A
V,18,21,V21,GND,GND,GND,GND,N/A
V,18,22,V22,GND,GND,GND,GND,N/A
V,18,23,V23,VCCINT,VCCINT,VCCINT,VCCINT,N/A
V,18,24,V24,N.C.,N.C.,IO_L51N_3,I/O,3
V,18,25,V25,IO_L36P_3,I/O,IO_L36P_3,I/O,3
V,18,26,V26,IO_L52N_3,I/O,IO_L52N_3,I/O,3
V,18,27,V27,IO_L37P_3,I/O,IO_L37P_3,I/O,3
V,18,28,V28,IO_L37N_3,I/O,IO_L37N_3,I/O,3
V,18,29,V29,IO_L38P_3,I/O,IO_L38P_3,I/O,3
V,18,30,V30,IO_L38N_3,I/O,IO_L38N_3,I/O,3
V,18,31,V31,IO_L39P_3,I/O,IO_L39P_3,I/O,3
V,18,32,V32,IO_L39N_3,I/O,IO_L39N_3,I/O,3
V,18,33,V33,IO_L40P_3,I/O,IO_L40P_3,I/O,3
V,18,34,V34,IO_L40N_3/VREF_3,VREF,IO_L40N_3/VREF_3,VREF,3
W,19,1,W1,GND,GND,GND,GND,N/A
W,19,2,W2,IO_L37P_6,I/O,IO_L37P_6,I/O,6
W,19,3,W3,IO_L37N_6,I/O,IO_L37N_6,I/O,6
W,19,4,W4,VCCO_6,VCCO,VCCO_6,VCCO,6
W,19,5,W5,GND,GND,GND,GND,N/A
W,19,6,W6,IO_L36P_6,I/O,IO_L36P_6,I/O,6
W,19,7,W7,IO_L36N_6,I/O,IO_L36N_6,I/O,6
W,19,8,W8,VCCAUX,VCCAUX,VCCAUX,VCCAUX,N/A
W,19,9,W9,GND,GND,GND,GND,N/A
W,19,10,W10,IO_L35P_6,I/O,IO_L35P_6,I/O,6
W,19,11,W11,N.C.,N.C.,IO_L49N_6,I/O,6
W,19,12,W12,VCCO_6,VCCO,VCCO_6,VCCO,6
W,19,13,W13,VCCINT,VCCINT,VCCINT,VCCINT,N/A
W,19,14,W14,GND,GND,GND,GND,N/A
W,19,15,W15,GND,GND,GND,GND,N/A
W,19,16,W16,GND,GND,GND,GND,N/A
W,19,17,W17,GND,GND,GND,GND,N/A
W,19,18,W18,GND,GND,GND,GND,N/A
W,19,19,W19,GND,GND,GND,GND,N/A
W,19,20,W20,GND,GND,GND,GND,N/A
W,19,21,W21,GND,GND,GND,GND,N/A
W,19,22,W22,VCCINT,VCCINT,VCCINT,VCCINT,N/A
W,19,23,W23,VCCO_3,VCCO,VCCO_3,VCCO,3
W,19,24,W24,N.C.,N.C.,IO_L51P_3,I/O,3
W,19,25,W25,IO_L33N_3,I/O,IO_L33N_3,I/O,3
W,19,26,W26,GND,GND,GND,GND,N/A
W,19,27,W27,VCCAUX,VCCAUX,VCCAUX,VCCAUX,N/A
W,19,28,W28,IO_L34P_3/VREF_3,VREF,IO_L34P_3/VREF_3,VREF,3
W,19,29,W29,IO_L34N_3,I/O,IO_L34N_3,I/O,3
W,19,30,W30,GND,GND,GND,GND,N/A
W,19,31,W31,VCCO_3,VCCO,VCCO_3,VCCO,3
W,19,32,W32,IO_L35P_3,I/O,IO_L35P_3,I/O,3
W,19,33,W33,IO_L35N_3,I/O,IO_L35N_3,I/O,3
W,19,34,W34,GND,GND,GND,GND,N/A
Y,20,1,Y1,IO_L34P_6,I/O,IO_L34P_6,I/O,6
Y,20,2,Y2,IO_L34N_6/VREF_6,VREF,IO_L34N_6/VREF_6,VREF,6
Y,20,3,Y3,IO_L33P_6,I/O,IO_L33P_6,I/O,6
Y,20,4,Y4,IO_L33N_6,I/O,IO_L33N_6,I/O,6
Y,20,5,Y5,VCCAUX,VCCAUX,VCCAUX,VCCAUX,N/A
Y,20,6,Y6,IO_L48P_6,I/O,IO_L48P_6,I/O,6
Y,20,7,Y7,IO_L48N_6,I/O,IO_L48N_6,I/O,6
Y,20,8,Y8,VCCO_6,VCCO,VCCO_6,VCCO,6
Y,20,9,Y9,IO_L35N_6,I/O,IO_L35N_6,I/O,6
Y,20,10,Y10,IO_L32P_6,I/O,IO_L32P_6,I/O,6
Y,20,11,Y11,IO_L32N_6,I/O,IO_L32N_6,I/O,6
Y,20,12,Y12,VCCO_6,VCCO,VCCO_6,VCCO,6
Y,20,13,Y13,VCCINT,VCCINT,VCCINT,VCCINT,N/A
Y,20,14,Y14,GND,GND,GND,GND,N/A
Y,20,15,Y15,GND,GND,GND,GND,N/A
Y,20,16,Y16,GND,GND,GND,GND,N/A
Y,20,17,Y17,GND,GND,GND,GND,N/A
Y,20,18,Y18,GND,GND,GND,GND,N/A
Y,20,19,Y19,GND,GND,GND,GND,N/A
Y,20,20,Y20,GND,GND,GND,GND,N/A
Y,20,21,Y21,GND,GND,GND,GND,N/A
Y,20,22,Y22,VCCINT,VCCINT,VCCINT,VCCINT,N/A
Y,20,23,Y23,VCCO_3,VCCO,VCCO_3,VCCO,3
Y,20,24,Y24,IO_L50P_3,I/O,IO_L50P_3,I/O,3
Y,20,25,Y25,IO_L50N_3,I/O,IO_L50N_3,I/O,3
Y,20,26,Y26,IO_L33P_3,I/O,IO_L33P_3,I/O,3
Y,20,27,Y27,VCCO_3,VCCO,VCCO_3,VCCO,3
Y,20,28,Y28,IO_L30P_3,I/O,IO_L30P_3,I/O,3
Y,20,29,Y29,IO_L30N_3,I/O,IO_L30N_3,I/O,3
Y,20,30,Y30,VCCAUX,VCCAUX,VCCAUX,VCCAUX,N/A
Y,20,31,Y31,IO_L31P_3,I/O,IO_L31P_3,I/O,3
Y,20,32,Y32,IO_L31N_3,I/O,IO_L31N_3,I/O,3
Y,20,33,Y33,IO_L32P_3,I/O,IO_L32P_3,I/O,3
Y,20,34,Y34,IO_L32N_3,I/O,IO_L32N_3,I/O,3
AA,21,1,AA1,IO_L31P_6,I/O,IO_L31P_6,I/O,6
AA,21,2,AA2,IO_L31N_6,I/O,IO_L31N_6,I/O,6
AA,21,3,AA3,IO_L30P_6,I/O,IO_L30P_6,I/O,6
AA,21,4,AA4,IO_L30N_6,I/O,IO_L30N_6,I/O,6
AA,21,5,AA5,IO_L29P_6,I/O,IO_L29P_6,I/O,6
AA,21,6,AA6,IO_L29N_6,I/O,IO_L29N_6,I/O,6
AA,21,7,AA7,IO_L28P_6,I/O,IO_L28P_6,I/O,6
AA,21,8,AA8,IO_L28N_6,I/O,IO_L28N_6,I/O,6
AA,21,9,AA9,N.C.,N.C.,IO_L46P_6,I/O,6
AA,21,10,AA10,N.C.,N.C.,IO_L46N_6,I/O,6
AA,21,11,AA11,IO_L27P_6,I/O,IO_L27P_6,I/O,6
AA,21,12,AA12,VCCO_6,VCCO,VCCO_6,VCCO,6
AA,21,13,AA13,VCCINT,VCCINT,VCCINT,VCCINT,N/A
AA,21,14,AA14,GND,GND,GND,GND,N/A
AA,21,15,AA15,GND,GND,GND,GND,N/A
AA,21,16,AA16,GND,GND,GND,GND,N/A
AA,21,17,AA17,GND,GND,GND,GND,N/A
AA,21,18,AA18,GND,GND,GND,GND,N/A
AA,21,19,AA19,GND,GND,GND,GND,N/A
AA,21,20,AA20,GND,GND,GND,GND,N/A
AA,21,21,AA21,GND,GND,GND,GND,N/A
AA,21,22,AA22,VCCINT,VCCINT,VCCINT,VCCINT,N/A
AA,21,23,AA23,VCCO_3,VCCO,VCCO_3,VCCO,3
AA,21,24,AA24,IO_L48N_3,I/O,IO_L48N_3,I/O,3
AA,21,25,AA25,N.C.,N.C.,IO_L49P_3,I/O,3
AA,21,26,AA26,N.C.,N.C.,IO_L49N_3,I/O,3
AA,21,27,AA27,IO_L26P_3,I/O,IO_L26P_3,I/O,3
AA,21,28,AA28,IO_L26N_3,I/O,IO_L26N_3,I/O,3
AA,21,29,AA29,IO_L27P_3,I/O,IO_L27P_3,I/O,3
AA,21,30,AA30,IO_L27N_3,I/O,IO_L27N_3,I/O,3
AA,21,31,AA31,IO_L28P_3,I/O,IO_L28P_3,I/O,3
AA,21,32,AA32,IO_L28N_3,I/O,IO_L28N_3,I/O,3
AA,21,33,AA33,IO_L29P_3,I/O,IO_L29P_3,I/O,3
AA,21,34,AA34,IO_L29N_3,I/O,IO_L29N_3,I/O,3
AB,22,1,AB1,GND,GND,GND,GND,N/A
AB,22,2,AB2,VCCO_6,VCCO,VCCO_6,VCCO,6
AB,22,3,AB3,IO_L26P_6,I/O,IO_L26P_6,I/O,6
AB,22,4,AB4,IO_L26N_6,I/O,IO_L26N_6,I/O,6
AB,22,5,AB5,GND,GND,GND,GND,N/A
AB,22,6,AB6,VCCO_6,VCCO,VCCO_6,VCCO,6
AB,22,7,AB7,IO_L25P_6,I/O,IO_L25P_6,I/O,6
AB,22,8,AB8,IO_L25N_6,I/O,IO_L25N_6,I/O,6
AB,22,9,AB9,GND,GND,GND,GND,N/A
AB,22,10,AB10,IO_L24P_6,I/O,IO_L24P_6,I/O,6
AB,22,11,AB11,IO_L27N_6,I/O,IO_L27N_6,I/O,6
AB,22,12,AB12,VCCO_6,VCCO,VCCO_6,VCCO,6
AB,22,13,AB13,VCCINT,VCCINT,VCCINT,VCCINT,N/A
AB,22,14,AB14,VCCINT,VCCINT,VCCINT,VCCINT,N/A
AB,22,15,AB15,VCCINT,VCCINT,VCCINT,VCCINT,N/A
AB,22,16,AB16,VCCINT,VCCINT,VCCINT,VCCINT,N/A
AB,22,17,AB17,GND,GND,GND,GND,N/A
AB,22,18,AB18,GND,GND,GND,GND,N/A
AB,22,19,AB19,VCCINT,VCCINT,VCCINT,VCCINT,N/A
AB,22,20,AB20,VCCINT,VCCINT,VCCINT,VCCINT,N/A
AB,22,21,AB21,VCCINT,VCCINT,VCCINT,VCCINT,N/A
AB,22,22,AB22,VCCINT,VCCINT,VCCINT,VCCINT,N/A
AB,22,23,AB23,VCCO_3,VCCO,VCCO_3,VCCO,3
AB,22,24,AB24,IO_L48P_3,I/O,IO_L48P_3,I/O,3
AB,22,25,AB25,IO_L24N_3,I/O,IO_L24N_3,I/O,3
AB,22,26,AB26,GND,GND,GND,GND,N/A
AB,22,27,AB27,IO_L46P_3,I/O,IO_L46P_3,I/O,3
AB,22,28,AB28,IO_L46N_3,I/O,IO_L46N_3,I/O,3
AB,22,29,AB29,VCCO_3,VCCO,VCCO_3,VCCO,3
AB,22,30,AB30,GND,GND,GND,GND,N/A
AB,22,31,AB31,IO_L47P_3,I/O,IO_L47P_3,I/O,3
AB,22,32,AB32,IO_L47N_3,I/O,IO_L47N_3,I/O,3
AB,22,33,AB33,VCCO_3,VCCO,VCCO_3,VCCO,3
AB,22,34,AB34,GND,GND,GND,GND,N/A
AC,23,1,AC1,IO_L23P_6,I/O,IO_L23P_6,I/O,6
AC,23,2,AC2,IO_L23N_6,I/O,IO_L23N_6,I/O,6
AC,23,3,AC3,IO_L45P_6,I/O,IO_L45P_6,I/O,6
AC,23,4,AC4,IO_L45N_6,I/O,IO_L45N_6,I/O,6
AC,23,5,AC5,IO_L22P_6,I/O,IO_L22P_6,I/O,6
AC,23,6,AC6,IO_L22N_6,I/O,IO_L22N_6,I/O,6
AC,23,7,AC7,IO_L21P_6,I/O,IO_L21P_6,I/O,6
AC,23,8,AC8,IO_L21N_6,I/O,IO_L21N_6,I/O,6
AC,23,9,AC9,IO_L24N_6/VREF_6,VREF,IO_L24N_6/VREF_6,VREF,6
AC,23,10,AC10,IO_L20P_6,I/O,IO_L20P_6,I/O,6
AC,23,11,AC11,IO_L20N_6,I/O,IO_L20N_6,I/O,6
AC,23,12,AC12,VCCINT,VCCINT,VCCINT,VCCINT,N/A
AC,23,13,AC13,VCCO_5,VCCO,VCCO_5,VCCO,5
AC,23,14,AC14,VCCO_5,VCCO,VCCO_5,VCCO,5
AC,23,15,AC15,VCCO_5,VCCO,VCCO_5,VCCO,5
AC,23,16,AC16,VCCO_5,VCCO,VCCO_5,VCCO,5
AC,23,17,AC17,VCCINT,VCCINT,VCCINT,VCCINT,N/A
AC,23,18,AC18,VCCINT,VCCINT,VCCINT,VCCINT,N/A
AC,23,19,AC19,VCCO_4,VCCO,VCCO_4,VCCO,4
AC,23,20,AC20,VCCO_4,VCCO,VCCO_4,VCCO,4
AC,23,21,AC21,VCCO_4,VCCO,VCCO_4,VCCO,4
AC,23,22,AC22,VCCO_4,VCCO,VCCO_4,VCCO,4
AC,23,23,AC23,VCCINT,VCCINT,VCCINT,VCCINT,N/A
AC,23,24,AC24,IO_L20P_3,I/O,IO_L20P_3,I/O,3
AC,23,25,AC25,IO_L20N_3,I/O,IO_L20N_3,I/O,3
AC,23,26,AC26,IO_L24P_3,I/O,IO_L24P_3,I/O,3
AC,23,27,AC27,IO_L21P_3,I/O,IO_L21P_3,I/O,3
AC,23,28,AC28,IO_L21N_3,I/O,IO_L21N_3,I/O,3
AC,23,29,AC29,IO_L22P_3,I/O,IO_L22P_3,I/O,3
AC,23,30,AC30,IO_L22N_3,I/O,IO_L22N_3,I/O,3
AC,23,31,AC31,IO_L23P_3/VREF_3,VREF,IO_L23P_3/VREF_3,VREF,3
AC,23,32,AC32,IO_L23N_3,I/O,IO_L23N_3,I/O,3
AC,23,33,AC33,IO_L45P_3,I/O,IO_L45P_3,I/O,3
AC,23,34,AC34,IO_L45N_3,I/O,IO_L45N_3,I/O,3
AD,24,1,AD1,IO_L19P_6,I/O,IO_L19P_6,I/O,6
AD,24,2,AD2,IO_L19N_6,I/O,IO_L19N_6,I/O,6
AD,24,3,AD3,GND,GND,GND,GND,N/A
AD,24,4,AD4,VCCO_6,VCCO,VCCO_6,VCCO,6
AD,24,5,AD5,VCCAUX,VCCAUX,VCCAUX,VCCAUX,N/A
AD,24,6,AD6,N.C.,N.C.,IO_L44P_6,I/O,6
AD,24,7,AD7,N.C.,N.C.,IO_L44N_6,I/O,6
AD,24,8,AD8,VCCO_6,VCCO,VCCO_6,VCCO,6
AD,24,9,AD9,IO_L17P_6/VREF_6,VREF,IO_L17P_6/VREF_6,VREF,6
AD,24,10,AD10,IO_L17N_6,I/O,IO_L17N_6,I/O,6
AD,24,11,AD11,IO,I/O,IO,I/O,5
AD,24,12,AD12,N.C.,N.C.,IO,I/O,5
AD,24,13,AD13,IO_L16P_5,I/O,IO_L16P_5,I/O,5
AD,24,14,AD14,IO,I/O,IO,I/O,5
AD,24,15,AD15,IO,I/O,IO,I/O,5
AD,24,16,AD16,IO,I/O,IO,I/O,5
AD,24,17,AD17,IO,I/O,IO,I/O,5
AD,24,18,AD18,IO,I/O,IO,I/O,4
AD,24,19,AD19,IO,I/O,IO,I/O,4
AD,24,20,AD20,IO,I/O,IO,I/O,4
AD,24,21,AD21,IO_L18N_4,I/O,IO_L18N_4,I/O,4
AD,24,22,AD22,IO,I/O,IO,I/O,4
AD,24,23,AD23,IO_L11N_4,I/O,IO_L11N_4,I/O,4
AD,24,24,AD24,DONE,CONFIG,DONE,CONFIG,VCCAUX
AD,24,25,AD25,IO_L17P_3/VREF_3,VREF,IO_L17P_3/VREF_3,VREF,3
AD,24,26,AD26,IO_L17N_3,I/O,IO_L17N_3,I/O,3
AD,24,27,AD27,VCCO_3,VCCO,VCCO_3,VCCO,3
AD,24,28,AD28,N.C.,N.C.,IO_L44P_3,I/O,3
AD,24,29,AD29,N.C.,N.C.,IO_L44N_3,I/O,3
AD,24,30,AD30,VCCAUX,VCCAUX,VCCAUX,VCCAUX,N/A
AD,24,31,AD31,VCCO_3,VCCO,VCCO_3,VCCO,3
AD,24,32,AD32,GND,GND,GND,GND,N/A
AD,24,33,AD33,IO_L19P_3,I/O,IO_L19P_3,I/O,3
AD,24,34,AD34,IO_L19N_3,I/O,IO_L19N_3,I/O,3
AE,25,1,AE1,IO_L16P_6,I/O,IO_L16P_6,I/O,6
AE,25,2,AE2,IO_L16N_6,I/O,IO_L16N_6,I/O,6
AE,25,3,AE3,IO_L15P_6,I/O,IO_L15P_6,I/O,6
AE,25,4,AE4,IO_L15N_6,I/O,IO_L15N_6,I/O,6
AE,25,5,AE5,IO_L14P_6,I/O,IO_L14P_6,I/O,6
AE,25,6,AE6,IO_L14N_6,I/O,IO_L14N_6,I/O,6
AE,25,7,AE7,IO_L13P_6/VREF_6,VREF,IO_L13P_6/VREF_6,VREF,6
AE,25,8,AE8,IO_L13N_6,I/O,IO_L13N_6,I/O,6
AE,25,9,AE9,IO_L12P_6,I/O,IO_L12P_6,I/O,6
AE,25,10,AE10,GND,GND,GND,GND,N/A
AE,25,11,AE11,N.C.,N.C.,IO_L39P_5,I/O,5
AE,25,12,AE12,IO_L12P_5,I/O,IO_L12P_5,I/O,5
AE,25,13,AE13,IO_L16N_5,I/O,IO_L16N_5,I/O,5
AE,25,14,AE14,IO,I/O,IO,I/O,5
AE,25,15,AE15,IO_L23P_5,I/O,IO_L23P_5,I/O,5
AE,25,16,AE16,IO,I/O,IO,I/O,5
AE,25,17,AE17,IO_L29P_5/VREF_5,VREF,IO_L29P_5/VREF_5,VREF,5
AE,25,18,AE18,IO,I/O,IO,I/O,4
AE,25,19,AE19,IO,I/O,IO,I/O,4
AE,25,20,AE20,IO_L23N_4,I/O,IO_L23N_4,I/O,4
AE,25,21,AE21,IO_L18P_4,I/O,IO_L18P_4,I/O,4
AE,25,22,AE22,IO,I/O,IO,I/O,4
AE,25,23,AE23,IO_L11P_4,I/O,IO_L11P_4,I/O,4
AE,25,24,AE24,N.C.,N.C.,IO,I/O,4
AE,25,25,AE25,GND,GND,GND,GND,N/A
AE,25,26,AE26,IO_L12N_3,I/O,IO_L12N_3,I/O,3
AE,25,27,AE27,IO_L13P_3,I/O,IO_L13P_3,I/O,3
AE,25,28,AE28,IO_L13N_3/VREF_3,VREF,IO_L13N_3/VREF_3,VREF,3
AE,25,29,AE29,IO_L14P_3,I/O,IO_L14P_3,I/O,3
AE,25,30,AE30,IO_L14N_3,I/O,IO_L14N_3,I/O,3
AE,25,31,AE31,IO_L15P_3,I/O,IO_L15P_3,I/O,3
AE,25,32,AE32,IO_L15N_3,I/O,IO_L15N_3,I/O,3
AE,25,33,AE33,IO_L16P_3,I/O,IO_L16P_3,I/O,3
AE,25,34,AE34,IO_L16N_3,I/O,IO_L16N_3,I/O,3
AF,26,1,AF1,GND,GND,GND,GND,N/A
AF,26,2,AF2,IO_L11P_6,I/O,IO_L11P_6,I/O,6
AF,26,3,AF3,IO_L11N_6,I/O,IO_L11N_6,I/O,6
AF,26,4,AF4,IO_L10P_6,I/O,IO_L10P_6,I/O,6
AF,26,5,AF5,GND,GND,GND,GND,N/A
AF,26,6,AF6,IO_L09P_6,I/O,IO_L09P_6,I/O,6
AF,26,7,AF7,IO_L09N_6/VREF_6,VREF,IO_L09N_6/VREF_6,VREF,6
AF,26,8,AF8,IO_L12N_6,I/O,IO_L12N_6,I/O,6
AF,26,9,AF9,N.C.,N.C.,IO,I/O,5
AF,26,10,AF10,IO_L07P_5,I/O,IO_L07P_5,I/O,5
AF,26,11,AF11,N.C.,N.C.,IO_L39N_5,I/O,5
AF,26,12,AF12,IO_L12N_5,I/O,IO_L12N_5,I/O,5
AF,26,13,AF13,GND,GND,GND,GND,N/A
AF,26,14,AF14,IO_L19P_5/VREF_5,VREF,IO_L19P_5/VREF_5,VREF,5
AF,26,15,AF15,IO_L23N_5,I/O,IO_L23N_5,I/O,5
AF,26,16,AF16,GND,GND,GND,GND,N/A
AF,26,17,AF17,IO_L29N_5,I/O,IO_L29N_5,I/O,5
AF,26,18,AF18,IO_L29N_4,I/O,IO_L29N_4,I/O,4
AF,26,19,AF19,GND,GND,GND,GND,N/A
AF,26,20,AF20,IO_L23P_4,I/O,IO_L23P_4,I/O,4
AF,26,21,AF21,IO/VREF_4,VREF,IO/VREF_4,VREF,4
AF,26,22,AF22,GND,GND,GND,GND,N/A
AF,26,23,AF23,IO_L12N_4,I/O,IO_L12N_4,I/O,4
AF,26,24,AF24,IO,I/O,IO,I/O,4
AF,26,25,AF25,IO_L07N_4,I/O,IO_L07N_4,I/O,4
AF,26,26,AF26,N.C.,N.C.,IO,I/O,4
AF,26,27,AF27,IO_L12P_3,I/O,IO_L12P_3,I/O,3
AF,26,28,AF28,IO_L09P_3/VREF_3,VREF,IO_L09P_3/VREF_3,VREF,3
AF,26,29,AF29,IO_L09N_3,I/O,IO_L09N_3,I/O,3
AF,26,30,AF30,GND,GND,GND,GND,N/A
AF,26,31,AF31,IO_L10N_3,I/O,IO_L10N_3,I/O,3
AF,26,32,AF32,IO_L11P_3,I/O,IO_L11P_3,I/O,3
AF,26,33,AF33,IO_L11N_3,I/O,IO_L11N_3,I/O,3
AF,26,34,AF34,GND,GND,GND,GND,N/A
AG,27,1,AG1,IO_L08P_6,I/O,IO_L08P_6,I/O,6
AG,27,2,AG2,IO_L08N_6,I/O,IO_L08N_6,I/O,6
AG,27,3,AG3,VCCO_6,VCCO,VCCO_6,VCCO,6
AG,27,4,AG4,IO_L10N_6,I/O,IO_L10N_6,I/O,6
AG,27,5,AG5,IO_L07P_6,I/O,IO_L07P_6,I/O,6
AG,27,6,AG6,IO_L07N_6,I/O,IO_L07N_6,I/O,6
AG,27,7,AG7,VCCO_6,VCCO,VCCO_6,VCCO,6
AG,27,8,AG8,M2,CONFIG,M2,CONFIG,VCCAUX
AG,27,9,AG9,IO,I/O,IO,I/O,5
AG,27,10,AG10,IO_L07N_5,I/O,IO_L07N_5,I/O,5
AG,27,11,AG11,VCCO_5,VCCO,VCCO_5,VCCO,5
AG,27,12,AG12,IO,I/O,IO,I/O,5
AG,27,13,AG13,IO_L17P_5,I/O,IO_L17P_5,I/O,5
AG,27,14,AG14,IO_L19N_5,I/O,IO_L19N_5,I/O,5
AG,27,15,AG15,VCCO_5,VCCO,VCCO_5,VCCO,5
AG,27,16,AG16,VCCAUX,VCCAUX,VCCAUX,VCCAUX,N/A
AG,27,17,AG17,IO_L30P_5,I/O,IO_L30P_5,I/O,5
AG,27,18,AG18,IO_L29P_4,I/O,IO_L29P_4,I/O,4
AG,27,19,AG19,VCCAUX,VCCAUX,VCCAUX,VCCAUX,N/A
AG,27,20,AG20,VCCO_4,VCCO,VCCO_4,VCCO,4
AG,27,21,AG21,IO_L19N_4,I/O,IO_L19N_4,I/O,4
AG,27,22,AG22,IO_L16N_4,I/O,IO_L16N_4,I/O,4
AG,27,23,AG23,IO_L12P_4,I/O,IO_L12P_4,I/O,4
AG,27,24,AG24,VCCO_4,VCCO,VCCO_4,VCCO,4
AG,27,25,AG25,IO_L07P_4,I/O,IO_L07P_4,I/O,4
AG,27,26,AG26,IO,I/O,IO,I/O,4
AG,27,27,AG27,IO,I/O,IO,I/O,4
AG,27,28,AG28,VCCO_3,VCCO,VCCO_3,VCCO,3
AG,27,29,AG29,IO_L07P_3,I/O,IO_L07P_3,I/O,3
AG,27,30,AG30,IO_L07N_3,I/O,IO_L07N_3,I/O,3
AG,27,31,AG31,IO_L10P_3,I/O,IO_L10P_3,I/O,3
AG,27,32,AG32,VCCO_3,VCCO,VCCO_3,VCCO,3
AG,27,33,AG33,IO_L08P_3,I/O,IO_L08P_3,I/O,3
AG,27,34,AG34,IO_L08N_3,I/O,IO_L08N_3,I/O,3
AH,28,1,AH1,IO_L43P_6,I/O,IO_L43P_6,I/O,6
AH,28,2,AH2,IO_L42N_6,I/O,IO_L42N_6,I/O,6
AH,28,3,AH3,N.C.,N.C.,IO_L41P_6,I/O,6
AH,28,4,AH4,N.C.,N.C.,IO_L41N_6,I/O,6
AH,28,5,AH5,IO_L06P_6,I/O,IO_L06P_6,I/O,6
AH,28,6,AH6,IO_L06N_6,I/O,IO_L06N_6,I/O,6
AH,28,7,AH7,GND,GND,GND,GND,N/A
AH,28,8,AH8,VCCO_5,VCCO,VCCO_5,VCCO,5
AH,28,9,AH9,IO_L37P_5,I/O,IO_L37P_5,I/O,5
AH,28,10,AH10,IO_L08P_5,I/O,IO_L08P_5,I/O,5
AH,28,11,AH11,N.C.,N.C.,IO_L40P_5,I/O,5
AH,28,12,AH12,IO_L13P_5,I/O,IO_L13P_5,I/O,5
AH,28,13,AH13,IO_L17N_5,I/O,IO_L17N_5,I/O,5
AH,28,14,AH14,IO_L20P_5,I/O,IO_L20P_5,I/O,5
AH,28,15,AH15,IO_L24P_5,I/O,IO_L24P_5,I/O,5
AH,28,16,AH16,IO_L27P_5,I/O,IO_L27P_5,I/O,5
AH,28,17,AH17,IO_L30N_5,I/O,IO_L30N_5,I/O,5
AH,28,18,AH18,IO_L30N_4/D2,DUAL,IO_L30N_4/D2,DUAL,4
AH,28,19,AH19,IO_L27N_4/DIN/D0,DUAL,IO_L27N_4/DIN/D0,DUAL,4
AH,28,20,AH20,IO_L24N_4,I/O,IO_L24N_4,I/O,4
AH,28,21,AH21,IO_L19P_4,I/O,IO_L19P_4,I/O,4
AH,28,22,AH22,IO_L16P_4,I/O,IO_L16P_4,I/O,4
AH,28,23,AH23,IO/VREF_4,VREF,IO/VREF_4,VREF,4
AH,28,24,AH24,N.C.,N.C.,IO_L39N_4,I/O,4
AH,28,25,AH25,IO_L08N_4,I/O,IO_L08N_4,I/O,4
AH,28,26,AH26,IO_L05N_4,I/O,IO_L05N_4,I/O,4
AH,28,27,AH27,VCCO_4,VCCO,VCCO_4,VCCO,4
AH,28,28,AH28,GND,GND,GND,GND,N/A
AH,28,29,AH29,IO_L06P_3,I/O,IO_L06P_3,I/O,3
AH,28,30,AH30,IO_L06N_3,I/O,IO_L06N_3,I/O,3
AH,28,31,AH31,N.C.,N.C.,IO_L41P_3,I/O,3
AH,28,32,AH32,N.C.,N.C.,IO_L41N_3,I/O,3
AH,28,33,AH33,IO_L42P_3,I/O,IO_L42P_3,I/O,3
AH,28,34,AH34,IO_L43N_3,I/O,IO_L43N_3,I/O,3
AJ,29,1,AJ1,IO_L05P_6,I/O,IO_L05P_6,I/O,6
AJ,29,2,AJ2,IO_L05N_6,I/O,IO_L05N_6,I/O,6
AJ,29,3,AJ3,IO_L04P_6,I/O,IO_L04P_6,I/O,6
AJ,29,4,AJ4,IO_L04N_6,I/O,IO_L04N_6,I/O,6
AJ,29,5,AJ5,VCCAUX,VCCAUX,VCCAUX,VCCAUX,N/A
AJ,29,6,AJ6,IO,I/O,IO,I/O,5
AJ,29,7,AJ7,IO_L06P_5,I/O,IO_L06P_5,I/O,5
AJ,29,8,AJ8,IO/VREF_5,VREF,IO/VREF_5,VREF,5
AJ,29,9,AJ9,IO_L37N_5,I/O,IO_L37N_5,I/O,5
AJ,29,10,AJ10,IO_L08N_5,I/O,IO_L08N_5,I/O,5
AJ,29,11,AJ11,N.C.,N.C.,IO_L40N_5,I/O,5
AJ,29,12,AJ12,IO_L13N_5,I/O,IO_L13N_5,I/O,5
AJ,29,13,AJ13,VCCO_5,VCCO,VCCO_5,VCCO,5
AJ,29,14,AJ14,IO_L20N_5,I/O,IO_L20N_5,I/O,5
AJ,29,15,AJ15,IO_L24N_5,I/O,IO_L24N_5,I/O,5
AJ,29,16,AJ16,IO_L27N_5/VREF_5,VREF,IO_L27N_5/VREF_5,VREF,5
AJ,29,17,AJ17,IO,I/O,IO,I/O,5
AJ,29,18,AJ18,IO_L30P_4/D3,DUAL,IO_L30P_4/D3,DUAL,4
AJ,29,19,AJ19,IO_L27P_4/D1,DUAL,IO_L27P_4/D1,DUAL,4
AJ,29,20,AJ20,IO_L24P_4,I/O,IO_L24P_4,I/O,4
AJ,29,21,AJ21,IO_L20N_4,I/O,IO_L20N_4,I/O,4
AJ,29,22,AJ22,VCCO_4,VCCO,VCCO_4,VCCO,4
AJ,29,23,AJ23,IO_L13N_4,I/O,IO_L13N_4,I/O,4
AJ,29,24,AJ24,N.C.,N.C.,IO_L39P_4,I/O,4
AJ,29,25,AJ25,IO_L08P_4,I/O,IO_L08P_4,I/O,4
AJ,29,26,AJ26,IO_L05P_4,I/O,IO_L05P_4,I/O,4
AJ,29,27,AJ27,IO,I/O,IO,I/O,4
AJ,29,28,AJ28,IO_L35N_4,I/O,IO_L35N_4,I/O,4
AJ,29,29,AJ29,IO,I/O,IO,I/O,4
AJ,29,30,AJ30,VCCAUX,VCCAUX,VCCAUX,VCCAUX,N/A
AJ,29,31,AJ31,IO_L04P_3,I/O,IO_L04P_3,I/O,3
AJ,29,32,AJ32,IO_L04N_3,I/O,IO_L04N_3,I/O,3
AJ,29,33,AJ33,IO_L05P_3,I/O,IO_L05P_3,I/O,3
AJ,29,34,AJ34,IO_L05N_3,I/O,IO_L05N_3,I/O,3
AK,30,1,AK1,GND,GND,GND,GND,N/A
AK,30,2,AK2,IO_L03P_6,I/O,IO_L03P_6,I/O,6
AK,30,3,AK3,IO_L03N_6/VREF_6,VREF,IO_L03N_6/VREF_6,VREF,6
AK,30,4,AK4,M1,CONFIG,M1,CONFIG,VCCAUX
AK,30,5,AK5,GND,GND,GND,GND,N/A
AK,30,6,AK6,VCCAUX,VCCAUX,VCCAUX,VCCAUX,N/A
AK,30,7,AK7,IO_L06N_5,I/O,IO_L06N_5,I/O,5
AK,30,8,AK8,IO_L35P_5,I/O,IO_L35P_5,I/O,5
AK,30,9,AK9,GND,GND,GND,GND,N/A
AK,30,10,AK10,IO,I/O,IO,I/O,5
AK,30,11,AK11,VCCAUX,VCCAUX,VCCAUX,VCCAUX,N/A
AK,30,12,AK12,IO_L14P_5,I/O,IO_L14P_5,I/O,5
AK,30,13,AK13,GND,GND,GND,GND,N/A
AK,30,14,AK14,IO,I/O,IO,I/O,5
AK,30,15,AK15,VCCAUX,VCCAUX,VCCAUX,VCCAUX,N/A
AK,30,16,AK16,GND,GND,GND,GND,N/A
AK,30,17,AK17,IO_L31P_5/D5,DUAL,IO_L31P_5/D5,DUAL,5
AK,30,18,AK18,IO/VREF_4,VREF,IO/VREF_4,VREF,4
AK,30,19,AK19,GND,GND,GND,GND,N/A
AK,30,20,AK20,VCCAUX,VCCAUX,VCCAUX,VCCAUX,N/A
AK,30,21,AK21,IO_L20P_4,I/O,IO_L20P_4,I/O,4
AK,30,22,AK22,GND,GND,GND,GND,N/A
AK,30,23,AK23,IO_L13P_4,I/O,IO_L13P_4,I/O,4
AK,30,24,AK24,VCCAUX,VCCAUX,VCCAUX,VCCAUX,N/A
AK,30,25,AK25,IO,I/O,IO,I/O,4
AK,30,26,AK26,GND,GND,GND,GND,N/A
AK,30,27,AK27,IO_L38N_4,I/O,IO_L38N_4,I/O,4
AK,30,28,AK28,IO_L35P_4,I/O,IO_L35P_4,I/O,4
AK,30,29,AK29,VCCAUX,VCCAUX,VCCAUX,VCCAUX,N/A
AK,30,30,AK30,GND,GND,GND,GND,N/A
AK,30,31,AK31,N.C.,N.C.,N.C.,N.C.,N/A
AK,30,32,AK32,IO_L03P_3,I/O,IO_L03P_3,I/O,3
AK,30,33,AK33,IO_L03N_3,I/O,IO_L03N_3,I/O,3
AK,30,34,AK34,GND,GND,GND,GND,N/A
AL,31,1,AL1,IO_L02P_6,I/O,IO_L02P_6,I/O,6
AL,31,2,AL2,IO_L02N_6,I/O,IO_L02N_6,I/O,6
AL,31,3,AL3,VCCO_6,VCCO,VCCO_6,VCCO,6
AL,31,4,AL4,M0,CONFIG,M0,CONFIG,VCCAUX
AL,31,5,AL5,IO/VREF_5,VREF,IO/VREF_5,VREF,5
AL,31,6,AL6,IO_L04P_5,I/O,IO_L04P_5,I/O,5
AL,31,7,AL7,N.C.,N.C.,IO_L33P_5,I/O,5
AL,31,8,AL8,IO_L35N_5,I/O,IO_L35N_5,I/O,5
AL,31,9,AL9,IO_L38P_5,I/O,IO_L38P_5,I/O,5
AL,31,10,AL10,IO_L09P_5,I/O,IO_L09P_5,I/O,5
AL,31,11,AL11,VCCO_5,VCCO,VCCO_5,VCCO,5
AL,31,12,AL12,IO_L14N_5,I/O,IO_L14N_5,I/O,5
AL,31,13,AL13,IO_L18P_5,I/O,IO_L18P_5,I/O,5
AL,31,14,AL14,IO_L21P_5,I/O,IO_L21P_5,I/O,5
AL,31,15,AL15,IO_L25P_5,I/O,IO_L25P_5,I/O,5
AL,31,16,AL16,VCCO_5,VCCO,VCCO_5,VCCO,5
AL,31,17,AL17,IO_L31N_5/D4,DUAL,IO_L31N_5/D4,DUAL,5
AL,31,18,AL18,IO_L31N_4/INIT_B,DUAL,IO_L31N_4/INIT_B,DUAL,4
AL,31,19,AL19,VCCO_4,VCCO,VCCO_4,VCCO,4
AL,31,20,AL20,IO_L25N_4,I/O,IO_L25N_4,I/O,4
AL,31,21,AL21,IO_L21N_4,I/O,IO_L21N_4,I/O,4
AL,31,22,AL22,IO_L17N_4,I/O,IO_L17N_4,I/O,4
AL,31,23,AL23,IO_L14N_4,I/O,IO_L14N_4,I/O,4
AL,31,24,AL24,VCCO_4,VCCO,VCCO_4,VCCO,4
AL,31,25,AL25,IO_L09N_4,I/O,IO_L09N_4,I/O,4
AL,31,26,AL26,IO_L06N_4/VREF_4,VREF,IO_L06N_4/VREF_4,VREF,4
AL,31,27,AL27,IO_L38P_4,I/O,IO_L38P_4,I/O,4
AL,31,28,AL28,N.C.,N.C.,IO_L36N_4,I/O,4
AL,31,29,AL29,IO_L33N_4,I/O,IO_L33N_4,I/O,4
AL,31,30,AL30,IO/VREF_4,VREF,IO/VREF_4,VREF,4
AL,31,31,AL31,CCLK,CONFIG,CCLK,CONFIG,VCCAUX
AL,31,32,AL32,VCCO_3,VCCO,VCCO_3,VCCO,3
AL,31,33,AL33,IO_L02P_3,I/O,IO_L02P_3,I/O,3
AL,31,34,AL34,IO_L02N_3/VREF_3,VREF,IO_L02N_3/VREF_3,VREF,3
AM,32,1,AM1,IO_L01P_6/VRN_6,DCI,IO_L01P_6/VRN_6,DCI,6
AM,32,2,AM2,IO_L01N_6/VRP_6,DCI,IO_L01N_6/VRP_6,DCI,6
AM,32,3,AM3,GND,GND,GND,GND,N/A
AM,32,4,AM4,VCCO_5,VCCO,VCCO_5,VCCO,5
AM,32,5,AM5,IO_L03P_5,I/O,IO_L03P_5,I/O,5
AM,32,6,AM6,IO_L04N_5,I/O,IO_L04N_5,I/O,5
AM,32,7,AM7,N.C.,N.C.,IO_L33N_5,I/O,5
AM,32,8,AM8,VCCO_5,VCCO,VCCO_5,VCCO,5
AM,32,9,AM9,IO_L38N_5,I/O,IO_L38N_5,I/O,5
AM,32,10,AM10,IO_L09N_5,I/O,IO_L09N_5,I/O,5
AM,32,11,AM11,GND,GND,GND,GND,N/A
AM,32,12,AM12,IO,I/O,IO,I/O,5
AM,32,13,AM13,IO_L18N_5,I/O,IO_L18N_5,I/O,5
AM,32,14,AM14,IO_L21N_5,I/O,IO_L21N_5,I/O,5
AM,32,15,AM15,IO_L25N_5,I/O,IO_L25N_5,I/O,5
AM,32,16,AM16,IO_L28P_5/D7,DUAL,IO_L28P_5/D7,DUAL,5
AM,32,17,AM17,IO_L32P_5/GCLK2,GCLK,IO_L32P_5/GCLK2,GCLK,5
AM,32,18,AM18,IO_L31P_4/DOUT/BUSY,DUAL,IO_L31P_4/DOUT/BUSY,DUAL,4
AM,32,19,AM19,IO_L28N_4,I/O,IO_L28N_4,I/O,4
AM,32,20,AM20,IO_L25P_4,I/O,IO_L25P_4,I/O,4
AM,32,21,AM21,IO_L21P_4,I/O,IO_L21P_4,I/O,4
AM,32,22,AM22,IO_L17P_4,I/O,IO_L17P_4,I/O,4
AM,32,23,AM23,IO_L14P_4,I/O,IO_L14P_4,I/O,4
AM,32,24,AM24,GND,GND,GND,GND,N/A
AM,32,25,AM25,IO_L09P_4,I/O,IO_L09P_4,I/O,4
AM,32,26,AM26,IO_L06P_4,I/O,IO_L06P_4,I/O,4
AM,32,27,AM27,VCCO_4,VCCO,VCCO_4,VCCO,4
AM,32,28,AM28,N.C.,N.C.,IO_L36P_4,I/O,4
AM,32,29,AM29,IO_L33P_4,I/O,IO_L33P_4,I/O,4
AM,32,30,AM30,IO_L03N_4,I/O,IO_L03N_4,I/O,4
AM,32,31,AM31,VCCO_4,VCCO,VCCO_4,VCCO,4
AM,32,32,AM32,GND,GND,GND,GND,N/A
AM,32,33,AM33,IO_L01P_3/VRN_3,DCI,IO_L01P_3/VRN_3,DCI,3
AM,32,34,AM34,IO_L01N_3/VRP_3,DCI,IO_L01N_3/VRP_3,DCI,3
AN,33,1,AN1,GND,GND,GND,GND,N/A
AN,33,2,AN2,GND,GND,GND,GND,N/A
AN,33,3,AN3,IO_L01P_5/CS_B,DUAL,IO_L01P_5/CS_B,DUAL,5
AN,33,4,AN4,IO_L02P_5,I/O,IO_L02P_5,I/O,5
AN,33,5,AN5,IO_L03N_5,I/O,IO_L03N_5,I/O,5
AN,33,6,AN6,IO_L05P_5,I/O,IO_L05P_5,I/O,5
AN,33,7,AN7,N.C.,N.C.,IO_L34P_5,I/O,5
AN,33,8,AN8,IO_L36P_5,I/O,IO_L36P_5,I/O,5
AN,33,9,AN9,IO,I/O,IO,I/O,5
AN,33,10,AN10,IO_L10P_5/VRN_5,DCI,IO_L10P_5/VRN_5,DCI,5
AN,33,11,AN11,IO_L11P_5,I/O,IO_L11P_5,I/O,5
AN,33,12,AN12,IO_L15P_5,I/O,IO_L15P_5,I/O,5
AN,33,13,AN13,VCCO_5,VCCO,VCCO_5,VCCO,5
AN,33,14,AN14,IO_L22P_5,I/O,IO_L22P_5,I/O,5
AN,33,15,AN15,IO_L26P_5,I/O,IO_L26P_5,I/O,5
AN,33,16,AN16,IO_L28N_5/D6,DUAL,IO_L28N_5/D6,DUAL,5
AN,33,17,AN17,IO_L32N_5/GCLK3,GCLK,IO_L32N_5/GCLK3,GCLK,5
AN,33,18,AN18,IO_L32N_4/GCLK1,GCLK,IO_L32N_4/GCLK1,GCLK,4
AN,33,19,AN19,IO_L28P_4,I/O,IO_L28P_4,I/O,4
AN,33,20,AN20,IO_L26N_4,I/O,IO_L26N_4,I/O,4
AN,33,21,AN21,IO_L22N_4/VREF_4,VREF,IO_L22N_4/VREF_4,VREF,4
AN,33,22,AN22,VCCO_4,VCCO,VCCO_4,VCCO,4
AN,33,23,AN23,IO_L15N_4,I/O,IO_L15N_4,I/O,4
AN,33,24,AN24,N.C.,N.C.,IO_L40N_4,I/O,4
AN,33,25,AN25,IO_L10N_4,I/O,IO_L10N_4,I/O,4
AN,33,26,AN26,IO,I/O,IO,I/O,4
AN,33,27,AN27,IO_L04N_4,I/O,IO_L04N_4,I/O,4
AN,33,28,AN28,N.C.,N.C.,IO_L37N_4,I/O,4
AN,33,29,AN29,IO_L34N_4,I/O,IO_L34N_4,I/O,4
AN,33,30,AN30,IO_L03P_4,I/O,IO_L03P_4,I/O,4
AN,33,31,AN31,IO_L02N_4,I/O,IO_L02N_4,I/O,4
AN,33,32,AN32,IO_L01N_4/VRP_4,DCI,IO_L01N_4/VRP_4,DCI,4
AN,33,33,AN33,GND,GND,GND,GND,N/A
AN,33,34,AN34,GND,GND,GND,GND,N/A
AP,34,1,AP1,GND,GND,GND,GND,N/A
AP,34,2,AP2,GND,GND,GND,GND,N/A
AP,34,3,AP3,IO_L01N_5/RDWR_B,DUAL,IO_L01N_5/RDWR_B,DUAL,5
AP,34,4,AP4,IO_L02N_5,I/O,IO_L02N_5,I/O,5
AP,34,5,AP5,GND,GND,GND,GND,N/A
AP,34,6,AP6,IO_L05N_5,I/O,IO_L05N_5,I/O,5
AP,34,7,AP7,N.C.,N.C.,IO_L34N_5,I/O,5
AP,34,8,AP8,IO_L36N_5,I/O,IO_L36N_5,I/O,5
AP,34,9,AP9,GND,GND,GND,GND,N/A
AP,34,10,AP10,IO_L10N_5/VRP_5,DCI,IO_L10N_5/VRP_5,DCI,5
AP,34,11,AP11,IO_L11N_5/VREF_5,VREF,IO_L11N_5/VREF_5,VREF,5
AP,34,12,AP12,IO_L15N_5,I/O,IO_L15N_5,I/O,5
AP,34,13,AP13,GND,GND,GND,GND,N/A
AP,34,14,AP14,IO_L22N_5,I/O,IO_L22N_5,I/O,5
AP,34,15,AP15,IO_L26N_5,I/O,IO_L26N_5,I/O,5
AP,34,16,AP16,GND,GND,GND,GND,N/A
AP,34,17,AP17,IO/VREF_5,VREF,IO/VREF_5,VREF,5
AP,34,18,AP18,IO_L32P_4/GCLK0,GCLK,IO_L32P_4/GCLK0,GCLK,4
AP,34,19,AP19,GND,GND,GND,GND,N/A
AP,34,20,AP20,IO_L26P_4/VREF_4,VREF,IO_L26P_4/VREF_4,VREF,4
AP,34,21,AP21,IO_L22P_4,I/O,IO_L22P_4,I/O,4
AP,34,22,AP22,GND,GND,GND,GND,N/A
AP,34,23,AP23,IO_L15P_4,I/O,IO_L15P_4,I/O,4
AP,34,24,AP24,N.C.,N.C.,IO_L40P_4,I/O,4
AP,34,25,AP25,IO_L10P_4,I/O,IO_L10P_4,I/O,4
AP,34,26,AP26,GND,GND,GND,GND,N/A
AP,34,27,AP27,IO_L04P_4,I/O,IO_L04P_4,I/O,4
AP,34,28,AP28,N.C.,N.C.,IO_L37P_4,I/O,4
AP,34,29,AP29,IO_L34P_4,I/O,IO_L34P_4,I/O,4
AP,34,30,AP30,GND,GND,GND,GND,N/A
AP,34,31,AP31,IO_L02P_4,I/O,IO_L02P_4,I/O,4
AP,34,32,AP32,IO_L01P_4/VRN_4,DCI,IO_L01P_4/VRN_4,DCI,4
AP,34,33,AP33,GND,GND,GND,GND,N/A
AP,34,34,AP34,GND,GND,GND,GND,N/A
