SORT_ROW,SORT_ROW_#,SORT_COLUMN,PIN_NUMBER,XC3S1000,XC3S1000_TYPE,XC3S1500,XC3S1500_TYPE,XC3S2000,XC3S2000_TYPE,XC3S4000,XC3S4000_TYPE,BANK
A,1,1,A1,GND,GND,GND,GND,GND,GND,GND,GND,N/A
A,1,2,A2,VCCAUX,VCCAUX,VCCAUX,VCCAUX,VCCAUX,VCCAUX,VCCAUX,VCCAUX,N/A
A,1,3,A3,IO,I/O,IO,I/O,IO,I/O,IO,I/O,0
A,1,4,A4,IO_L05P_0/VREF_0,VREF,IO_L05P_0/VREF_0,VREF,IO_L05P_0/VREF_0,VREF,IO_L05P_0/VREF_0,VREF,0
A,1,5,A5,IO,I/O,IO,I/O,IO,I/O,IO,I/O,0
A,1,6,A6,IO,I/O,IO,I/O,IO,I/O,IO,I/O,0
A,1,7,A7,IO_L10P_0,I/O,IO_L10P_0,I/O,IO_L10P_0,I/O,IO_L10P_0,I/O,0
A,1,8,A8,IO_L15P_0,I/O,IO_L15P_0,I/O,IO_L15P_0,I/O,IO_L15P_0,I/O,0
A,1,9,A9,VCCAUX,VCCAUX,VCCAUX,VCCAUX,VCCAUX,VCCAUX,VCCAUX,VCCAUX,N/A
A,1,10,A10,N.C.,N.C.,IO_L23P_0,I/O,IO_L23P_0,I/O,IO_L23P_0,I/O,0
A,1,11,A11,N.C.,N.C.,IO_L26P_0/VREF_0,VREF,IO_L26P_0/VREF_0,VREF,IO_L26P_0/VREF_0,VREF,0
A,1,12,A12,IO_L29P_0,I/O,IO_L29P_0,I/O,IO_L29P_0,I/O,IO_L29P_0,I/O,0
A,1,13,A13,IO_L32P_0/GCLK6,GCLK,IO_L32P_0/GCLK6,GCLK,IO_L32P_0/GCLK6,GCLK,IO_L32P_0/GCLK6,GCLK,0
A,1,14,A14,IO,I/O,IO,I/O,IO,I/O,IO,I/O,1
A,1,15,A15,IO_L29N_1,I/O,IO_L29N_1,I/O,IO_L29N_1,I/O,IO_L29N_1,I/O,1
A,1,16,A16,N.C.,N.C.,IO_L26N_1,I/O,IO_L26N_1,I/O,IO_L26N_1,I/O,1
A,1,17,A17,N.C.,N.C.,IO_L23N_1,I/O,IO_L23N_1,I/O,IO_L23N_1,I/O,1
A,1,18,A18,VCCAUX,VCCAUX,VCCAUX,VCCAUX,VCCAUX,VCCAUX,VCCAUX,VCCAUX,N/A
A,1,19,A19,IO_L15N_1,I/O,IO_L15N_1,I/O,IO_L15N_1,I/O,IO_L15N_1,I/O,1
A,1,20,A20,IO_L10N_1/VREF_1,VREF,IO_L10N_1/VREF_1,VREF,IO_L10N_1/VREF_1,VREF,IO_L10N_1/VREF_1,VREF,1
A,1,21,A21,IO_L08N_1,I/O,IO_L08N_1,I/O,IO_L08N_1,I/O,IO_L08N_1,I/O,1
A,1,22,A22,IO,I/O,IO,I/O,IO,I/O,IO,I/O,1
A,1,23,A23,IO,I/O,IO,I/O,IO,I/O,IO,I/O,1
A,1,24,A24,TMS,JTAG,TMS,JTAG,TMS,JTAG,TMS,JTAG,VCCAUX
A,1,25,A25,VCCAUX,VCCAUX,VCCAUX,VCCAUX,VCCAUX,VCCAUX,VCCAUX,VCCAUX,N/A
A,1,26,A26,GND,GND,GND,GND,GND,GND,GND,GND,N/A
B,2,1,B1,VCCAUX,VCCAUX,VCCAUX,VCCAUX,VCCAUX,VCCAUX,VCCAUX,VCCAUX,N/A
B,2,2,B2,GND,GND,GND,GND,GND,GND,GND,GND,N/A
B,2,3,B3,IO/VREF_0,VREF,IO/VREF_0,VREF,IO/VREF_0,VREF,IO/VREF_0,VREF,0
B,2,4,B4,IO_L05N_0,I/O,IO_L05N_0,I/O,IO_L05N_0,I/O,IO_L05N_0,I/O,0
B,2,5,B5,IO_L06P_0,I/O,IO_L06P_0,I/O,IO_L06P_0,I/O,IO_L06P_0,I/O,0
B,2,6,B6,IO_L08P_0,I/O,IO_L08P_0,I/O,IO_L08P_0,I/O,IO_L08P_0,I/O,0
B,2,7,B7,IO_L10N_0,I/O,IO_L10N_0,I/O,IO_L10N_0,I/O,IO_L10N_0,I/O,0
B,2,8,B8,IO_L15N_0,I/O,IO_L15N_0,I/O,IO_L15N_0,I/O,IO_L15N_0,I/O,0
B,2,9,B9,N.C.,N.C.,IO_L18P_0,I/O,IO_L18P_0,I/O,IO_L18P_0,I/O,0
B,2,10,B10,N.C.,N.C.,IO_L23N_0,I/O,IO_L23N_0,I/O,IO_L23N_0,I/O,0
B,2,11,B11,N.C.,N.C.,IO_L26N_0,I/O,IO_L26N_0,I/O,IO_L26N_0,I/O,0
B,2,12,B12,IO_L29N_0,I/O,IO_L29N_0,I/O,IO_L29N_0,I/O,IO_L29N_0,I/O,0
B,2,13,B13,IO_L32N_0/GCLK7,GCLK,IO_L32N_0/GCLK7,GCLK,IO_L32N_0/GCLK7,GCLK,IO_L32N_0/GCLK7,GCLK,0
B,2,14,B14,IO_L32N_1/GCLK5,GCLK,IO_L32N_1/GCLK5,GCLK,IO_L32N_1/GCLK5,GCLK,IO_L32N_1/GCLK5,GCLK,1
B,2,15,B15,IO_L29P_1,I/O,IO_L29P_1,I/O,IO_L29P_1,I/O,IO_L29P_1,I/O,1
B,2,16,B16,N.C.,N.C.,IO_L26P_1,I/O,IO_L26P_1,I/O,IO_L26P_1,I/O,1
B,2,17,B17,N.C.,N.C.,IO_L23P_1,I/O,IO_L23P_1,I/O,IO_L23P_1,I/O,1
B,2,18,B18,N.C.,N.C.,IO_L18N_1,I/O,IO_L18N_1,I/O,IO_L18N_1,I/O,1
B,2,19,B19,IO_L15P_1,I/O,IO_L15P_1,I/O,IO_L15P_1,I/O,IO_L15P_1,I/O,1
B,2,20,B20,IO_L10P_1,I/O,IO_L10P_1,I/O,IO_L10P_1,I/O,IO_L10P_1,I/O,1
B,2,21,B21,IO_L08P_1,I/O,IO_L08P_1,I/O,IO_L08P_1,I/O,IO_L08P_1,I/O,1
B,2,22,B22,IO_L06N_1/VREF_1,VREF,IO_L06N_1/VREF_1,VREF,IO_L06N_1/VREF_1,VREF,IO_L06N_1/VREF_1,VREF,1
B,2,23,B23,IO_L04N_1,I/O,IO_L04N_1,I/O,IO_L04N_1,I/O,IO_L04N_1,I/O,1
B,2,24,B24,TCK,JTAG,TCK,JTAG,TCK,JTAG,TCK,JTAG,VCCAUX
B,2,25,B25,GND,GND,GND,GND,GND,GND,GND,GND,N/A
B,2,26,B26,VCCAUX,VCCAUX,VCCAUX,VCCAUX,VCCAUX,VCCAUX,VCCAUX,VCCAUX,N/A
C,3,1,C1,TDI,JTAG,TDI,JTAG,TDI,JTAG,TDI,JTAG,VCCAUX
C,3,2,C2,HSWAP_EN,CONFIG,HSWAP_EN,CONFIG,HSWAP_EN,CONFIG,HSWAP_EN,CONFIG,VCCAUX
C,3,3,C3,GND,GND,GND,GND,GND,GND,GND,GND,N/A
C,3,4,C4,IO,I/O,IO,I/O,IO,I/O,IO,I/O,0
C,3,5,C5,IO_L06N_0,I/O,IO_L06N_0,I/O,IO_L06N_0,I/O,IO_L06N_0,I/O,0
C,3,6,C6,IO_L08N_0,I/O,IO_L08N_0,I/O,IO_L08N_0,I/O,IO_L08N_0,I/O,0
C,3,7,C7,VCCO_0,VCCO,VCCO_0,VCCO,VCCO_0,VCCO,VCCO_0,VCCO,0
C,3,8,C8,N.C.,N.C.,IO,I/O,IO,I/O,IO,I/O,0
C,3,9,C9,N.C.,N.C.,IO_L18N_0,I/O,IO_L18N_0,I/O,IO_L18N_0,I/O,0
C,3,10,C10,IO_L22P_0,I/O,IO_L22P_0,I/O,IO_L22P_0,I/O,IO_L22P_0,I/O,0
C,3,11,C11,VCCO_0,VCCO,VCCO_0,VCCO,VCCO_0,VCCO,VCCO_0,VCCO,0
C,3,12,C12,IO,I/O,IO,I/O,IO,I/O,IO,I/O,0
C,3,13,C13,IO_L31P_0/VREF_0,VREF,IO_L31P_0/VREF_0,VREF,IO_L31P_0/VREF_0,VREF,IO_L31P_0/VREF_0,VREF,0
C,3,14,C14,IO_L32P_1/GCLK4,GCLK,IO_L32P_1/GCLK4,GCLK,IO_L32P_1/GCLK4,GCLK,IO_L32P_1/GCLK4,GCLK,1
C,3,15,C15,IO/VREF_1,VREF,IO/VREF_1,VREF,IO/VREF_1,VREF,IO/VREF_1,VREF,1
C,3,16,C16,VCCO_1,VCCO,VCCO_1,VCCO,VCCO_1,VCCO,VCCO_1,VCCO,1
C,3,17,C17,IO/VREF_1,VREF,IO/VREF_1,VREF,IO/VREF_1,VREF,IO/VREF_1,VREF,1
C,3,18,C18,N.C.,N.C.,IO_L18P_1,I/O,IO_L18P_1,I/O,IO_L18P_1,I/O,1
C,3,19,C19,N.C.,N.C.,IO_L12N_1,I/O,IO_L12N_1,I/O,IO_L12N_1,I/O,1
C,3,20,C20,VCCO_1,VCCO,VCCO_1,VCCO,VCCO_1,VCCO,VCCO_1,VCCO,1
C,3,21,C21,IO_L07N_1,I/O,IO_L07N_1,I/O,IO_L07N_1,I/O,IO_L07N_1,I/O,1
C,3,22,C22,IO_L06P_1,I/O,IO_L06P_1,I/O,IO_L06P_1,I/O,IO_L06P_1,I/O,1
C,3,23,C23,IO_L04P_1,I/O,IO_L04P_1,I/O,IO_L04P_1,I/O,IO_L04P_1,I/O,1
C,3,24,C24,GND,GND,GND,GND,GND,GND,GND,GND,N/A
C,3,25,C25,IO_L01N_2/VRP_2,DCI,IO_L01N_2/VRP_2,DCI,IO_L01N_2/VRP_2,DCI,IO_L01N_2/VRP_2,DCI,2
C,3,26,C26,IO_L01P_2/VRN_2,DCI,IO_L01P_2/VRN_2,DCI,IO_L01P_2/VRN_2,DCI,IO_L01P_2/VRN_2,DCI,2
D,4,1,D1,IO_L03N_7/VREF_7,VREF,IO_L03N_7/VREF_7,VREF,IO_L03N_7/VREF_7,VREF,IO_L03N_7/VREF_7,VREF,7
D,4,2,D2,IO_L03P_7,I/O,IO_L03P_7,I/O,IO_L03P_7,I/O,IO_L03P_7,I/O,7
D,4,3,D3,PROG_B,CONFIG,PROG_B,CONFIG,PROG_B,CONFIG,PROG_B,CONFIG,VCCAUX
D,4,4,D4,GND,GND,GND,GND,GND,GND,GND,GND,N/A
D,4,5,D5,IO_L01P_0/VRN_0,DCI,IO_L01P_0/VRN_0,DCI,IO_L01P_0/VRN_0,DCI,IO_L01P_0/VRN_0,DCI,0
D,4,6,D6,IO_L07P_0,I/O,IO_L07P_0,I/O,IO_L07P_0,I/O,IO_L07P_0,I/O,0
D,4,7,D7,IO_L09P_0,I/O,IO_L09P_0,I/O,IO_L09P_0,I/O,IO_L09P_0,I/O,0
D,4,8,D8,N.C.,N.C.,IO_L12P_0,I/O,IO_L12P_0,I/O,IO_L12P_0,I/O,0
D,4,9,D9,N.C.,N.C.,IO_L17P_0,I/O,IO_L17P_0,I/O,IO_L17P_0,I/O,0
D,4,10,D10,IO_L22N_0,I/O,IO_L22N_0,I/O,IO_L22N_0,I/O,IO_L22N_0,I/O,0
D,4,11,D11,IO_L25P_0,I/O,IO_L25P_0,I/O,IO_L25P_0,I/O,IO_L25P_0,I/O,0
D,4,12,D12,GND,GND,GND,GND,GND,GND,GND,GND,N/A
D,4,13,D13,IO_L31N_0,I/O,IO_L31N_0,I/O,IO_L31N_0,I/O,IO_L31N_0,I/O,0
D,4,14,D14,IO_L31N_1/VREF_1,VREF,IO_L31N_1/VREF_1,VREF,IO_L31N_1/VREF_1,VREF,IO_L31N_1/VREF_1,VREF,1
D,4,15,D15,GND,GND,GND,GND,GND,GND,GND,GND,N/A
D,4,16,D16,IO,I/O,IO,I/O,IO,I/O,IO,I/O,1
D,4,17,D17,IO_L22N_1,I/O,IO_L22N_1,I/O,IO_L22N_1,I/O,IO_L22N_1,I/O,1
D,4,18,D18,N.C.,N.C.,IO/VREF_1,VREF,IO/VREF_1,VREF,IO/VREF_1,VREF,1
D,4,19,D19,N.C.,N.C.,IO_L12P_1,I/O,IO_L12P_1,I/O,IO_L12P_1,I/O,1
D,4,20,D20,IO_L09N_1,I/O,IO_L09N_1,I/O,IO_L09N_1,I/O,IO_L09N_1,I/O,1
D,4,21,D21,IO_L07P_1,I/O,IO_L07P_1,I/O,IO_L07P_1,I/O,IO_L07P_1,I/O,1
D,4,22,D22,IO_L01N_1/VRP_1,DCI,IO_L01N_1/VRP_1,DCI,IO_L01N_1/VRP_1,DCI,IO_L01N_1/VRP_1,DCI,1
D,4,23,D23,GND,GND,GND,GND,GND,GND,GND,GND,N/A
D,4,24,D24,TDO,JTAG,TDO,JTAG,TDO,JTAG,TDO,JTAG,VCCAUX
D,4,25,D25,IO_L03N_2/VREF_2,VREF,IO_L03N_2/VREF_2,VREF,IO_L03N_2/VREF_2,VREF,IO_L03N_2/VREF_2,VREF,2
D,4,26,D26,IO_L03P_2,I/O,IO_L03P_2,I/O,IO_L03P_2,I/O,IO_L03P_2,I/O,2
E,5,1,E1,N.C.,N.C.,IO_L06N_7,I/O,IO_L06N_7,I/O,IO_L06N_7,I/O,7
E,5,2,E2,N.C.,N.C.,IO_L06P_7,I/O,IO_L06P_7,I/O,IO_L06P_7,I/O,7
E,5,3,E3,IO_L02N_7,I/O,IO_L02N_7,I/O,IO_L02N_7,I/O,IO_L02N_7,I/O,7
E,5,4,E4,IO_L02P_7,I/O,IO_L02P_7,I/O,IO_L02P_7,I/O,IO_L02P_7,I/O,7
E,5,5,E5,IO_L01N_0/VRP_0,DCI,IO_L01N_0/VRP_0,DCI,IO_L01N_0/VRP_0,DCI,IO_L01N_0/VRP_0,DCI,0
E,5,6,E6,IO_L07N_0,I/O,IO_L07N_0,I/O,IO_L07N_0,I/O,IO_L07N_0,I/O,0
E,5,7,E7,IO_L09N_0,I/O,IO_L09N_0,I/O,IO_L09N_0,I/O,IO_L09N_0,I/O,0
E,5,8,E8,N.C.,N.C.,IO_L12N_0,I/O,IO_L12N_0,I/O,IO_L12N_0,I/O,0
E,5,9,E9,N.C.,N.C.,IO_L17N_0,I/O,IO_L17N_0,I/O,IO_L17N_0,I/O,0
E,5,10,E10,IO_L19P_0,I/O,IO_L19P_0,I/O,IO_L19P_0,I/O,IO_L19P_0,I/O,0
E,5,11,E11,IO_L25N_0,I/O,IO_L25N_0,I/O,IO_L25N_0,I/O,IO_L25N_0,I/O,0
E,5,12,E12,IO_L28P_0,I/O,IO_L28P_0,I/O,IO_L28P_0,I/O,IO_L28P_0,I/O,0
E,5,13,E13,IO,I/O,IO,I/O,IO,I/O,IO,I/O,0
E,5,14,E14,IO_L31P_1,I/O,IO_L31P_1,I/O,IO_L31P_1,I/O,IO_L31P_1,I/O,1
E,5,15,E15,IO_L28N_1,I/O,IO_L28N_1,I/O,IO_L28N_1,I/O,IO_L28N_1,I/O,1
E,5,16,E16,IO_L25N_1,I/O,IO_L25N_1,I/O,IO_L25N_1,I/O,IO_L25N_1,I/O,1
E,5,17,E17,IO_L22P_1,I/O,IO_L22P_1,I/O,IO_L22P_1,I/O,IO_L22P_1,I/O,1
E,5,18,E18,IO,I/O,IO,I/O,IO,I/O,IO,I/O,1
E,5,19,E19,N.C.,N.C.,IO_L11N_1,I/O,IO_L11N_1,I/O,IO_L11N_1,I/O,1
E,5,20,E20,IO_L09P_1,I/O,IO_L09P_1,I/O,IO_L09P_1,I/O,IO_L09P_1,I/O,1
E,5,21,E21,IO_L05N_1,I/O,IO_L05N_1,I/O,IO_L05N_1,I/O,IO_L05N_1,I/O,1
E,5,22,E22,IO_L01P_1/VRN_1,DCI,IO_L01P_1/VRN_1,DCI,IO_L01P_1/VRN_1,DCI,IO_L01P_1/VRN_1,DCI,1
E,5,23,E23,IO_L02N_2,I/O,IO_L02N_2,I/O,IO_L02N_2,I/O,IO_L02N_2,I/O,2
E,5,24,E24,IO_L02P_2,I/O,IO_L02P_2,I/O,IO_L02P_2,I/O,IO_L02P_2,I/O,2
E,5,25,E25,N.C.,N.C.,IO_L05N_2,I/O,IO_L05N_2,I/O,IO_L05N_2,I/O,2
E,5,26,E26,N.C.,N.C.,IO_L05P_2,I/O,IO_L05P_2,I/O,IO_L05P_2,I/O,2
F,6,1,F1,N.C.,N.C.,IO_L09N_7,I/O,IO_L09N_7,I/O,IO_L09N_7,I/O,7
F,6,2,F2,N.C.,N.C.,IO_L09P_7,I/O,IO_L09P_7,I/O,IO_L09P_7,I/O,7
F,6,3,F3,N.C.,N.C.,IO_L07N_7,I/O,IO_L07N_7,I/O,IO_L07N_7,I/O,7
F,6,4,F4,N.C.,N.C.,IO_L07P_7,I/O,IO_L07P_7,I/O,IO_L07P_7,I/O,7
F,6,5,F5,IO_L01N_7/VRP_7,DCI,IO_L01N_7/VRP_7,DCI,IO_L01N_7/VRP_7,DCI,IO_L01N_7/VRP_7,DCI,7
F,6,6,F6,IO_L01P_7/VRN_7,DCI,IO_L01P_7/VRN_7,DCI,IO_L01P_7/VRN_7,DCI,IO_L01P_7/VRN_7,DCI,7
F,6,7,F7,IO/VREF_0,VREF,IO/VREF_0,VREF,IO/VREF_0,VREF,IO/VREF_0,VREF,0
F,6,8,F8,N.C.,N.C.,IO_L11P_0,I/O,IO_L11P_0,I/O,IO_L11P_0,I/O,0
F,6,9,F9,IO_L16P_0,I/O,IO_L16P_0,I/O,IO_L16P_0,I/O,IO_L16P_0,I/O,0
F,6,10,F10,IO_L19N_0,I/O,IO_L19N_0,I/O,IO_L19N_0,I/O,IO_L19N_0,I/O,0
F,6,11,F11,IO_L24P_0,I/O,IO_L24P_0,I/O,IO_L24P_0,I/O,IO_L24P_0,I/O,0
F,6,12,F12,IO_L28N_0,I/O,IO_L28N_0,I/O,IO_L28N_0,I/O,IO_L28N_0,I/O,0
F,6,13,F13,IO_L30P_0,I/O,IO_L30P_0,I/O,IO_L30P_0,I/O,IO_L30P_0,I/O,0
F,6,14,F14,IO,I/O,IO,I/O,IO,I/O,IO,I/O,1
F,6,15,F15,IO_L28P_1,I/O,IO_L28P_1,I/O,IO_L28P_1,I/O,IO_L28P_1,I/O,1
F,6,16,F16,IO_L25P_1,I/O,IO_L25P_1,I/O,IO_L25P_1,I/O,IO_L25P_1,I/O,1
F,6,17,F17,IO_L19N_1,I/O,IO_L19N_1,I/O,IO_L19N_1,I/O,IO_L19N_1,I/O,1
F,6,18,F18,IO_L16N_1,I/O,IO_L16N_1,I/O,IO_L16N_1,I/O,IO_L16N_1,I/O,1
F,6,19,F19,N.C.,N.C.,IO_L11P_1,I/O,IO_L11P_1,I/O,IO_L11P_1,I/O,1
F,6,20,F20,IO,I/O,IO,I/O,IO,I/O,IO,I/O,1
F,6,21,F21,IO_L05P_1,I/O,IO_L05P_1,I/O,IO_L05P_1,I/O,IO_L05P_1,I/O,1
F,6,22,F22,N.C.,N.C.,N.C.,N.C.,IO,I/O,IO,I/O,2
F,6,23,F23,N.C.,N.C.,IO_L07N_2,I/O,IO_L07N_2,I/O,IO_L07N_2,I/O,2
F,6,24,F24,N.C.,N.C.,IO_L07P_2,I/O,IO_L07P_2,I/O,IO_L07P_2,I/O,2
F,6,25,F25,N.C.,N.C.,IO_L09N_2/VREF_2,VREF,IO_L09N_2/VREF_2,VREF,IO_L09N_2/VREF_2,VREF,2
F,6,26,F26,N.C.,N.C.,IO_L09P_2,I/O,IO_L09P_2,I/O,IO_L09P_2,I/O,2
G,7,1,G1,IO_L14N_7,I/O,IO_L14N_7,I/O,IO_L14N_7,I/O,IO_L14N_7,I/O,7
G,7,2,G2,IO_L14P_7,I/O,IO_L14P_7,I/O,IO_L14P_7,I/O,IO_L14P_7,I/O,7
G,7,3,G3,VCCO_7,VCCO,VCCO_7,VCCO,VCCO_7,VCCO,VCCO_7,VCCO,7
G,7,4,G4,N.C.,N.C.,IO_L08N_7,I/O,IO_L08N_7,I/O,IO_L08N_7,I/O,7
G,7,5,G5,N.C.,N.C.,IO_L08P_7,I/O,IO_L08P_7,I/O,IO_L08P_7,I/O,7
G,7,6,G6,N.C.,N.C.,IO_L05N_7,I/O,IO_L05N_7,I/O,IO_L05N_7,I/O,7
G,7,7,G7,N.C.,N.C.,IO_L05P_7,I/O,IO_L05P_7,I/O,IO_L05P_7,I/O,7
G,7,8,G8,N.C.,N.C.,IO_L11N_0,I/O,IO_L11N_0,I/O,IO_L11N_0,I/O,0
G,7,9,G9,IO_L16N_0,I/O,IO_L16N_0,I/O,IO_L16N_0,I/O,IO_L16N_0,I/O,0
G,7,10,G10,IO/VREF_0,VREF,IO/VREF_0,VREF,IO/VREF_0,VREF,IO/VREF_0,VREF,0
G,7,11,G11,IO_L24N_0,I/O,IO_L24N_0,I/O,IO_L24N_0,I/O,IO_L24N_0,I/O,0
G,7,12,G12,IO_L27N_0,I/O,IO_L27N_0,I/O,IO_L27N_0,I/O,IO_L27N_0,I/O,0
G,7,13,G13,IO_L30N_0,I/O,IO_L30N_0,I/O,IO_L30N_0,I/O,IO_L30N_0,I/O,0
G,7,14,G14,IO_L30N_1,I/O,IO_L30N_1,I/O,IO_L30N_1,I/O,IO_L30N_1,I/O,1
G,7,15,G15,IO_L27N_1,I/O,IO_L27N_1,I/O,IO_L27N_1,I/O,IO_L27N_1,I/O,1
G,7,16,G16,IO_L24N_1,I/O,IO_L24N_1,I/O,IO_L24N_1,I/O,IO_L24N_1,I/O,1
G,7,17,G17,IO_L19P_1,I/O,IO_L19P_1,I/O,IO_L19P_1,I/O,IO_L19P_1,I/O,1
G,7,18,G18,IO_L16P_1,I/O,IO_L16P_1,I/O,IO_L16P_1,I/O,IO_L16P_1,I/O,1
G,7,19,G19,IO,I/O,IO,I/O,IO,I/O,IO,I/O,1
G,7,20,G20,N.C.,N.C.,IO_L06N_2,I/O,IO_L06N_2,I/O,IO_L06N_2,I/O,2
G,7,21,G21,N.C.,N.C.,IO_L06P_2,I/O,IO_L06P_2,I/O,IO_L06P_2,I/O,2
G,7,22,G22,N.C.,N.C.,IO_L08N_2,I/O,IO_L08N_2,I/O,IO_L08N_2,I/O,2
G,7,23,G23,N.C.,N.C.,IO_L08P_2,I/O,IO_L08P_2,I/O,IO_L08P_2,I/O,2
G,7,24,G24,VCCO_2,VCCO,VCCO_2,VCCO,VCCO_2,VCCO,VCCO_2,VCCO,2
G,7,25,G25,N.C.,N.C.,IO_L10N_2,I/O,IO_L10N_2,I/O,IO_L10N_2,I/O,2
G,7,26,G26,N.C.,N.C.,IO_L10P_2,I/O,IO_L10P_2,I/O,IO_L10P_2,I/O,2
H,8,1,H1,IO_L19N_7/VREF_7,VREF,IO_L19N_7/VREF_7,VREF,IO_L19N_7/VREF_7,VREF,IO_L19N_7/VREF_7,VREF,7
H,8,2,H2,IO_L19P_7,I/O,IO_L19P_7,I/O,IO_L19P_7,I/O,IO_L19P_7,I/O,7
H,8,3,H3,IO_L17N_7,I/O,IO_L17N_7,I/O,IO_L17N_7,I/O,IO_L17N_7,I/O,7
H,8,4,H4,IO_L17P_7,I/O,IO_L17P_7,I/O,IO_L17P_7,I/O,IO_L17P_7,I/O,7
H,8,5,H5,IO_L16P_7/VREF_7,VREF,IO_L16P_7/VREF_7,VREF,IO_L16P_7/VREF_7,VREF,IO_L16P_7/VREF_7,VREF,7
H,8,6,H6,N.C.,N.C.,IO_L10N_7,I/O,IO_L10N_7,I/O,IO_L10N_7,I/O,7
H,8,7,H7,N.C.,N.C.,IO_L10P_7/VREF_7,VREF,IO_L10P_7/VREF_7,VREF,IO_L10P_7/VREF_7,VREF,7
H,8,8,H8,VCCINT,VCCINT,VCCINT,VCCINT,VCCINT,VCCINT,VCCINT,VCCINT,N/A
H,8,9,H9,VCCO_0,VCCO,VCCO_0,VCCO,VCCO_0,VCCO,VCCO_0,VCCO,0
H,8,10,H10,VCCO_0,VCCO,VCCO_0,VCCO,VCCO_0,VCCO,VCCO_0,VCCO,0
H,8,11,H11,IO,I/O,IO,I/O,IO,I/O,IO,I/O,0
H,8,12,H12,IO,I/O,IO,I/O,IO,I/O,IO,I/O,0
H,8,13,H13,IO_L27P_0,I/O,IO_L27P_0,I/O,IO_L27P_0,I/O,IO_L27P_0,I/O,0
H,8,14,H14,IO_L30P_1,I/O,IO_L30P_1,I/O,IO_L30P_1,I/O,IO_L30P_1,I/O,1
H,8,15,H15,IO_L27P_1,I/O,IO_L27P_1,I/O,IO_L27P_1,I/O,IO_L27P_1,I/O,1
H,8,16,H16,IO_L24P_1,I/O,IO_L24P_1,I/O,IO_L24P_1,I/O,IO_L24P_1,I/O,1
H,8,17,H17,VCCO_1,VCCO,VCCO_1,VCCO,VCCO_1,VCCO,VCCO_1,VCCO,1
H,8,18,H18,VCCO_1,VCCO,VCCO_1,VCCO,VCCO_1,VCCO,VCCO_1,VCCO,1
H,8,19,H19,VCCINT,VCCINT,VCCINT,VCCINT,VCCINT,VCCINT,VCCINT,VCCINT,N/A
H,8,20,H20,IO_L14N_2,I/O,IO_L14N_2,I/O,IO_L14N_2,I/O,IO_L11N_2,I/O,2
H,8,21,H21,IO_L14P_2,I/O,IO_L14P_2,I/O,IO_L14P_2,I/O,IO_L11P_2,I/O,2
H,8,22,H22,IO_L16N_2,I/O,IO_L16N_2,I/O,IO_L16N_2,I/O,IO_L12N_2,I/O,2
H,8,23,H23,IO_L17N_2,I/O,IO_L17N_2,I/O,IO_L17N_2,I/O,IO_L13N_2,I/O,2
H,8,24,H24,IO_L17P_2/VREF_2,VREF,IO_L17P_2/VREF_2,VREF,IO_L17P_2/VREF_2,VREF,IO_L13P_2/VREF_2,VREF,2
H,8,25,H25,IO_L19N_2,I/O,IO_L19N_2,I/O,IO_L19N_2,I/O,IO_L19N_2,I/O,2
H,8,26,H26,IO_L19P_2,I/O,IO_L19P_2,I/O,IO_L19P_2,I/O,IO_L19P_2,I/O,2
J,9,1,J1,VCCAUX,VCCAUX,VCCAUX,VCCAUX,VCCAUX,VCCAUX,VCCAUX,VCCAUX,N/A
J,9,2,J2,IO_L22N_7,I/O,IO_L22N_7,I/O,IO_L22N_7,I/O,IO_L22N_7,I/O,7
J,9,3,J3,IO_L22P_7,I/O,IO_L22P_7,I/O,IO_L22P_7,I/O,IO_L22P_7,I/O,7
J,9,4,J4,IO_L21N_7,I/O,IO_L21N_7,I/O,IO_L21N_7,I/O,IO_L21N_7,I/O,7
J,9,5,J5,IO_L21P_7,I/O,IO_L21P_7,I/O,IO_L21P_7,I/O,IO_L21P_7,I/O,7
J,9,6,J6,IO_L16N_7,I/O,IO_L16N_7,I/O,IO_L16N_7,I/O,IO_L16N_7,I/O,7
J,9,7,J7,IO_L20P_7,I/O,IO_L20P_7,I/O,IO_L20P_7,I/O,IO_L20P_7,I/O,7
J,9,8,J8,VCCO_7,VCCO,VCCO_7,VCCO,VCCO_7,VCCO,VCCO_7,VCCO,7
J,9,9,J9,VCCINT,VCCINT,VCCINT,VCCINT,VCCINT,VCCINT,VCCINT,VCCINT,N/A
J,9,10,J10,VCCINT,VCCINT,VCCINT,VCCINT,VCCINT,VCCINT,VCCINT,VCCINT,N/A
J,9,11,J11,VCCO_0,VCCO,VCCO_0,VCCO,VCCO_0,VCCO,VCCO_0,VCCO,0
J,9,12,J12,VCCO_0,VCCO,VCCO_0,VCCO,VCCO_0,VCCO,VCCO_0,VCCO,0
J,9,13,J13,VCCO_0,VCCO,VCCO_0,VCCO,VCCO_0,VCCO,VCCO_0,VCCO,0
J,9,14,J14,VCCO_1,VCCO,VCCO_1,VCCO,VCCO_1,VCCO,VCCO_1,VCCO,1
J,9,15,J15,VCCO_1,VCCO,VCCO_1,VCCO,VCCO_1,VCCO,VCCO_1,VCCO,1
J,9,16,J16,VCCO_1,VCCO,VCCO_1,VCCO,VCCO_1,VCCO,VCCO_1,VCCO,1
J,9,17,J17,VCCINT,VCCINT,VCCINT,VCCINT,VCCINT,VCCINT,VCCINT,VCCINT,N/A
J,9,18,J18,VCCINT,VCCINT,VCCINT,VCCINT,VCCINT,VCCINT,VCCINT,VCCINT,N/A
J,9,19,J19,VCCO_2,VCCO,VCCO_2,VCCO,VCCO_2,VCCO,VCCO_2,VCCO,2
J,9,20,J20,IO_L20N_2,I/O,IO_L20N_2,I/O,IO_L20N_2,I/O,IO_L20N_2,I/O,2
J,9,21,J21,IO_L16P_2,I/O,IO_L16P_2,I/O,IO_L16P_2,I/O,IO_L12P_2,I/O,2
J,9,22,J22,IO_L21N_2,I/O,IO_L21N_2,I/O,IO_L21N_2,I/O,IO_L21N_2,I/O,2
J,9,23,J23,IO_L21P_2,I/O,IO_L21P_2,I/O,IO_L21P_2,I/O,IO_L21P_2,I/O,2
J,9,24,J24,IO_L22N_2,I/O,IO_L22N_2,I/O,IO_L22N_2,I/O,IO_L22N_2,I/O,2
J,9,25,J25,IO_L22P_2,I/O,IO_L22P_2,I/O,IO_L22P_2,I/O,IO_L22P_2,I/O,2
J,9,26,J26,VCCAUX,VCCAUX,VCCAUX,VCCAUX,VCCAUX,VCCAUX,VCCAUX,VCCAUX,N/A
K,10,1,K1,IO_L26N_7,I/O,IO_L26N_7,I/O,IO_L26N_7,I/O,IO_L26N_7,I/O,7
K,10,2,K2,IO_L26P_7,I/O,IO_L26P_7,I/O,IO_L26P_7,I/O,IO_L26P_7,I/O,7
K,10,3,K3,IO_L24N_7,I/O,IO_L24N_7,I/O,IO_L24N_7,I/O,IO_L24N_7,I/O,7
K,10,4,K4,IO_L24P_7,I/O,IO_L24P_7,I/O,IO_L24P_7,I/O,IO_L24P_7,I/O,7
K,10,5,K5,IO_L23N_7,I/O,IO_L23N_7,I/O,IO_L23N_7,I/O,IO_L23N_7,I/O,7
K,10,6,K6,IO_L23P_7,I/O,IO_L23P_7,I/O,IO_L23P_7,I/O,IO_L23P_7,I/O,7
K,10,7,K7,IO_L20N_7,I/O,IO_L20N_7,I/O,IO_L20N_7,I/O,IO_L20N_7,I/O,7
K,10,8,K8,VCCO_7,VCCO,VCCO_7,VCCO,VCCO_7,VCCO,VCCO_7,VCCO,7
K,10,9,K9,VCCINT,VCCINT,VCCINT,VCCINT,VCCINT,VCCINT,VCCINT,VCCINT,N/A
K,10,10,K10,VCCINT,VCCINT,VCCINT,VCCINT,VCCINT,VCCINT,VCCINT,VCCINT,N/A
K,10,11,K11,GND,GND,GND,GND,GND,GND,GND,GND,N/A
K,10,12,K12,GND,GND,GND,GND,GND,GND,GND,GND,N/A
K,10,13,K13,VCCO_0,VCCO,VCCO_0,VCCO,VCCO_0,VCCO,VCCO_0,VCCO,0
K,10,14,K14,VCCO_1,VCCO,VCCO_1,VCCO,VCCO_1,VCCO,VCCO_1,VCCO,1
K,10,15,K15,GND,GND,GND,GND,GND,GND,GND,GND,N/A
K,10,16,K16,GND,GND,GND,GND,GND,GND,GND,GND,N/A
K,10,17,K17,VCCINT,VCCINT,VCCINT,VCCINT,VCCINT,VCCINT,VCCINT,VCCINT,N/A
K,10,18,K18,VCCINT,VCCINT,VCCINT,VCCINT,VCCINT,VCCINT,VCCINT,VCCINT,N/A
K,10,19,K19,VCCO_2,VCCO,VCCO_2,VCCO,VCCO_2,VCCO,VCCO_2,VCCO,2
K,10,20,K20,IO_L20P_2,I/O,IO_L20P_2,I/O,IO_L20P_2,I/O,IO_L20P_2,I/O,2
K,10,21,K21,IO_L23N_2/VREF_2,VREF,IO_L23N_2/VREF_2,VREF,IO_L23N_2/VREF_2,VREF,IO_L23N_2/VREF_2,VREF,2
K,10,22,K22,IO_L23P_2,I/O,IO_L23P_2,I/O,IO_L23P_2,I/O,IO_L23P_2,I/O,2
K,10,23,K23,IO_L24N_2,I/O,IO_L24N_2,I/O,IO_L24N_2,I/O,IO_L24N_2,I/O,2
K,10,24,K24,IO_L24P_2,I/O,IO_L24P_2,I/O,IO_L24P_2,I/O,IO_L24P_2,I/O,2
K,10,25,K25,IO_L26N_2,I/O,IO_L26N_2,I/O,IO_L26N_2,I/O,IO_L26N_2,I/O,2
K,10,26,K26,IO_L26P_2,I/O,IO_L26P_2,I/O,IO_L26P_2,I/O,IO_L26P_2,I/O,2
L,11,1,L1,IO_L29N_7,I/O,IO_L29N_7,I/O,IO_L29N_7,I/O,IO_L29N_7,I/O,7
L,11,2,L2,IO_L29P_7,I/O,IO_L29P_7,I/O,IO_L29P_7,I/O,IO_L29P_7,I/O,7
L,11,3,L3,VCCO_7,VCCO,VCCO_7,VCCO,VCCO_7,VCCO,VCCO_7,VCCO,7
L,11,4,L4,IO_L33P_7,I/O,IO_L33P_7,I/O,IO_L33P_7,I/O,IO_L33P_7,I/O,7
L,11,5,L5,IO_L28N_7,I/O,IO_L28N_7,I/O,IO_L28N_7,I/O,IO_L28N_7,I/O,7
L,11,6,L6,IO_L28P_7,I/O,IO_L28P_7,I/O,IO_L28P_7,I/O,IO_L28P_7,I/O,7
L,11,7,L7,IO_L27N_7,I/O,IO_L27N_7,I/O,IO_L27N_7,I/O,IO_L27N_7,I/O,7
L,11,8,L8,IO_L27P_7/VREF_7,VREF,IO_L27P_7/VREF_7,VREF,IO_L27P_7/VREF_7,VREF,IO_L27P_7/VREF_7,VREF,7
L,11,9,L9,VCCO_7,VCCO,VCCO_7,VCCO,VCCO_7,VCCO,VCCO_7,VCCO,7
L,11,10,L10,GND,GND,GND,GND,GND,GND,GND,GND,N/A
L,11,11,L11,GND,GND,GND,GND,GND,GND,GND,GND,N/A
L,11,12,L12,GND,GND,GND,GND,GND,GND,GND,GND,N/A
L,11,13,L13,GND,GND,GND,GND,GND,GND,GND,GND,N/A
L,11,14,L14,GND,GND,GND,GND,GND,GND,GND,GND,N/A
L,11,15,L15,GND,GND,GND,GND,GND,GND,GND,GND,N/A
L,11,16,L16,GND,GND,GND,GND,GND,GND,GND,GND,N/A
L,11,17,L17,GND,GND,GND,GND,GND,GND,GND,GND,N/A
L,11,18,L18,VCCO_2,VCCO,VCCO_2,VCCO,VCCO_2,VCCO,VCCO_2,VCCO,2
L,11,19,L19,IO_L27N_2,I/O,IO_L27N_2,I/O,IO_L27N_2,I/O,IO_L27N_2,I/O,2
L,11,20,L20,IO_L27P_2,I/O,IO_L27P_2,I/O,IO_L27P_2,I/O,IO_L27P_2,I/O,2
L,11,21,L21,IO_L28N_2,I/O,IO_L28N_2,I/O,IO_L28N_2,I/O,IO_L28N_2,I/O,2
L,11,22,L22,IO_L28P_2,I/O,IO_L28P_2,I/O,IO_L28P_2,I/O,IO_L28P_2,I/O,2
L,11,23,L23,IO_L33N_2,I/O,IO_L33N_2,I/O,IO_L33N_2,I/O,IO_L33N_2,I/O,2
L,11,24,L24,VCCO_2,VCCO,VCCO_2,VCCO,VCCO_2,VCCO,VCCO_2,VCCO,2
L,11,25,L25,IO_L29N_2,I/O,IO_L29N_2,I/O,IO_L29N_2,I/O,IO_L29N_2,I/O,2
L,11,26,L26,IO_L29P_2,I/O,IO_L29P_2,I/O,IO_L29P_2,I/O,IO_L29P_2,I/O,2
M,12,1,M1,IO_L34N_7,I/O,IO_L34N_7,I/O,IO_L34N_7,I/O,IO_L34N_7,I/O,7
M,12,2,M2,IO_L34P_7,I/O,IO_L34P_7,I/O,IO_L34P_7,I/O,IO_L34P_7,I/O,7
M,12,3,M3,IO_L33N_7,I/O,IO_L33N_7,I/O,IO_L33N_7,I/O,IO_L33N_7,I/O,7
M,12,4,M4,GND,GND,GND,GND,GND,GND,GND,GND,N/A
M,12,5,M5,IO_L32P_7,I/O,IO_L32P_7,I/O,IO_L32P_7,I/O,IO_L32P_7,I/O,7
M,12,6,M6,IO_L32N_7,I/O,IO_L32N_7,I/O,IO_L32N_7,I/O,IO_L32N_7,I/O,7
M,12,7,M7,IO_L31N_7,I/O,IO_L31N_7,I/O,IO_L31N_7,I/O,IO_L31N_7,I/O,7
M,12,8,M8,IO_L31P_7,I/O,IO_L31P_7,I/O,IO_L31P_7,I/O,IO_L31P_7,I/O,7
M,12,9,M9,VCCO_7,VCCO,VCCO_7,VCCO,VCCO_7,VCCO,VCCO_7,VCCO,7
M,12,10,M10,GND,GND,GND,GND,GND,GND,GND,GND,N/A
M,12,11,M11,GND,GND,GND,GND,GND,GND,GND,GND,N/A
M,12,12,M12,GND,GND,GND,GND,GND,GND,GND,GND,N/A
M,12,13,M13,GND,GND,GND,GND,GND,GND,GND,GND,N/A
M,12,14,M14,GND,GND,GND,GND,GND,GND,GND,GND,N/A
M,12,15,M15,GND,GND,GND,GND,GND,GND,GND,GND,N/A
M,12,16,M16,GND,GND,GND,GND,GND,GND,GND,GND,N/A
M,12,17,M17,GND,GND,GND,GND,GND,GND,GND,GND,N/A
M,12,18,M18,VCCO_2,VCCO,VCCO_2,VCCO,VCCO_2,VCCO,VCCO_2,VCCO,2
M,12,19,M19,IO_L31N_2,I/O,IO_L31N_2,I/O,IO_L31N_2,I/O,IO_L31N_2,I/O,2
M,12,20,M20,IO_L31P_2,I/O,IO_L31P_2,I/O,IO_L31P_2,I/O,IO_L31P_2,I/O,2
M,12,21,M21,IO_L32N_2,I/O,IO_L32N_2,I/O,IO_L32N_2,I/O,IO_L32N_2,I/O,2
M,12,22,M22,IO_L32P_2,I/O,IO_L32P_2,I/O,IO_L32P_2,I/O,IO_L32P_2,I/O,2
M,12,23,M23,GND,GND,GND,GND,GND,GND,GND,GND,N/A
M,12,24,M24,IO_L33P_2,I/O,IO_L33P_2,I/O,IO_L33P_2,I/O,IO_L33P_2,I/O,2
M,12,25,M25,IO_L34N_2/VREF_2,VREF,IO_L34N_2/VREF_2,VREF,IO_L34N_2/VREF_2,VREF,IO_L34N_2/VREF_2,VREF,2
M,12,26,M26,IO_L34P_2,I/O,IO_L34P_2,I/O,IO_L34P_2,I/O,IO_L34P_2,I/O,2
N,13,1,N1,IO_L40N_7/VREF_7,VREF,IO_L40N_7/VREF_7,VREF,IO_L40N_7/VREF_7,VREF,IO_L40N_7/VREF_7,VREF,7
N,13,2,N2,IO_L40P_7,I/O,IO_L40P_7,I/O,IO_L40P_7,I/O,IO_L40P_7,I/O,7
N,13,3,N3,IO_L39N_7,I/O,IO_L39N_7,I/O,IO_L39N_7,I/O,IO_L39N_7,I/O,7
N,13,4,N4,IO_L39P_7,I/O,IO_L39P_7,I/O,IO_L39P_7,I/O,IO_L39P_7,I/O,7
N,13,5,N5,IO_L38N_7,I/O,IO_L38N_7,I/O,IO_L38N_7,I/O,IO_L38N_7,I/O,7
N,13,6,N6,IO_L38P_7,I/O,IO_L38P_7,I/O,IO_L38P_7,I/O,IO_L38P_7,I/O,7
N,13,7,N7,IO_L35N_7,I/O,IO_L35N_7,I/O,IO_L35N_7,I/O,IO_L35N_7,I/O,7
N,13,8,N8,IO_L35P_7,I/O,IO_L35P_7,I/O,IO_L35P_7,I/O,IO_L35P_7,I/O,7
N,13,9,N9,VCCO_7,VCCO,VCCO_7,VCCO,VCCO_7,VCCO,VCCO_7,VCCO,7
N,13,10,N10,VCCO_7,VCCO,VCCO_7,VCCO,VCCO_7,VCCO,VCCO_7,VCCO,7
N,13,11,N11,GND,GND,GND,GND,GND,GND,GND,GND,N/A
N,13,12,N12,GND,GND,GND,GND,GND,GND,GND,GND,N/A
N,13,13,N13,GND,GND,GND,GND,GND,GND,GND,GND,N/A
N,13,14,N14,GND,GND,GND,GND,GND,GND,GND,GND,N/A
N,13,15,N15,GND,GND,GND,GND,GND,GND,GND,GND,N/A
N,13,16,N16,GND,GND,GND,GND,GND,GND,GND,GND,N/A
N,13,17,N17,VCCO_2,VCCO,VCCO_2,VCCO,VCCO_2,VCCO,VCCO_2,VCCO,2
N,13,18,N18,VCCO_2,VCCO,VCCO_2,VCCO,VCCO_2,VCCO,VCCO_2,VCCO,2
N,13,19,N19,IO_L35N_2,I/O,IO_L35N_2,I/O,IO_L35N_2,I/O,IO_L35N_2,I/O,2
N,13,20,N20,IO_L35P_2,I/O,IO_L35P_2,I/O,IO_L35P_2,I/O,IO_L35P_2,I/O,2
N,13,21,N21,IO_L38N_2,I/O,IO_L38N_2,I/O,IO_L38N_2,I/O,IO_L38N_2,I/O,2
N,13,22,N22,IO_L38P_2,I/O,IO_L38P_2,I/O,IO_L38P_2,I/O,IO_L38P_2,I/O,2
N,13,23,N23,IO_L39N_2,I/O,IO_L39N_2,I/O,IO_L39N_2,I/O,IO_L39N_2,I/O,2
N,13,24,N24,IO_L39P_2,I/O,IO_L39P_2,I/O,IO_L39P_2,I/O,IO_L39P_2,I/O,2
N,13,25,N25,IO_L40N_2,I/O,IO_L40N_2,I/O,IO_L40N_2,I/O,IO_L40N_2,I/O,2
N,13,26,N26,IO_L40P_2/VREF_2,VREF,IO_L40P_2/VREF_2,VREF,IO_L40P_2/VREF_2,VREF,IO_L40P_2/VREF_2,VREF,2
P,14,1,P1,IO_L40P_6/VREF_6,VREF,IO_L40P_6/VREF_6,VREF,IO_L40P_6/VREF_6,VREF,IO_L40P_6/VREF_6,VREF,6
P,14,2,P2,IO_L40N_6,I/O,IO_L40N_6,I/O,IO_L40N_6,I/O,IO_L40N_6,I/O,6
P,14,3,P3,IO_L39P_6,I/O,IO_L39P_6,I/O,IO_L39P_6,I/O,IO_L39P_6,I/O,6
P,14,4,P4,IO_L39N_6,I/O,IO_L39N_6,I/O,IO_L39N_6,I/O,IO_L39N_6,I/O,6
P,14,5,P5,IO_L38P_6,I/O,IO_L38P_6,I/O,IO_L38P_6,I/O,IO_L38P_6,I/O,6
P,14,6,P6,IO_L38N_6,I/O,IO_L38N_6,I/O,IO_L38N_6,I/O,IO_L38N_6,I/O,6
P,14,7,P7,IO_L35P_6,I/O,IO_L35P_6,I/O,IO_L35P_6,I/O,IO_L35P_6,I/O,6
P,14,8,P8,IO_L35N_6,I/O,IO_L35N_6,I/O,IO_L35N_6,I/O,IO_L35N_6,I/O,6
P,14,9,P9,VCCO_6,VCCO,VCCO_6,VCCO,VCCO_6,VCCO,VCCO_6,VCCO,6
P,14,10,P10,VCCO_6,VCCO,VCCO_6,VCCO,VCCO_6,VCCO,VCCO_6,VCCO,6
P,14,11,P11,GND,GND,GND,GND,GND,GND,GND,GND,N/A
P,14,12,P12,GND,GND,GND,GND,GND,GND,GND,GND,N/A
P,14,13,P13,GND,GND,GND,GND,GND,GND,GND,GND,N/A
P,14,14,P14,GND,GND,GND,GND,GND,GND,GND,GND,N/A
P,14,15,P15,GND,GND,GND,GND,GND,GND,GND,GND,N/A
P,14,16,P16,GND,GND,GND,GND,GND,GND,GND,GND,N/A
P,14,17,P17,VCCO_3,VCCO,VCCO_3,VCCO,VCCO_3,VCCO,VCCO_3,VCCO,3
P,14,18,P18,VCCO_3,VCCO,VCCO_3,VCCO,VCCO_3,VCCO,VCCO_3,VCCO,3
P,14,19,P19,IO_L35P_3,I/O,IO_L35P_3,I/O,IO_L35P_3,I/O,IO_L35P_3,I/O,3
P,14,20,P20,IO_L35N_3,I/O,IO_L35N_3,I/O,IO_L35N_3,I/O,IO_L35N_3,I/O,3
P,14,21,P21,IO_L38P_3,I/O,IO_L38P_3,I/O,IO_L38P_3,I/O,IO_L38P_3,I/O,3
P,14,22,P22,IO_L38N_3,I/O,IO_L38N_3,I/O,IO_L38N_3,I/O,IO_L38N_3,I/O,3
P,14,23,P23,IO_L39P_3,I/O,IO_L39P_3,I/O,IO_L39P_3,I/O,IO_L39P_3,I/O,3
P,14,24,P24,IO_L39N_3,I/O,IO_L39N_3,I/O,IO_L39N_3,I/O,IO_L39N_3,I/O,3
P,14,25,P25,IO_L40P_3,I/O,IO_L40P_3,I/O,IO_L40P_3,I/O,IO_L40P_3,I/O,3
P,14,26,P26,IO_L40N_3/VREF_3,VREF,IO_L40N_3/VREF_3,VREF,IO_L40N_3/VREF_3,VREF,IO_L40N_3/VREF_3,VREF,3
R,15,1,R1,IO_L34P_6,I/O,IO_L34P_6,I/O,IO_L34P_6,I/O,IO_L34P_6,I/O,6
R,15,2,R2,IO_L34N_6/VREF_6,VREF,IO_L34N_6/VREF_6,VREF,IO_L34N_6/VREF_6,VREF,IO_L34N_6/VREF_6,VREF,6
R,15,3,R3,IO_L33P_6,I/O,IO_L33P_6,I/O,IO_L33P_6,I/O,IO_L33P_6,I/O,6
R,15,4,R4,GND,GND,GND,GND,GND,GND,GND,GND,N/A
R,15,5,R5,IO_L32P_6,I/O,IO_L32P_6,I/O,IO_L32P_6,I/O,IO_L32P_6,I/O,6
R,15,6,R6,IO_L32N_6,I/O,IO_L32N_6,I/O,IO_L32N_6,I/O,IO_L32N_6,I/O,6
R,15,7,R7,IO_L31P_6,I/O,IO_L31P_6,I/O,IO_L31P_6,I/O,IO_L31P_6,I/O,6
R,15,8,R8,IO_L31N_6,I/O,IO_L31N_6,I/O,IO_L31N_6,I/O,IO_L31N_6,I/O,6
R,15,9,R9,VCCO_6,VCCO,VCCO_6,VCCO,VCCO_6,VCCO,VCCO_6,VCCO,6
R,15,10,R10,GND,GND,GND,GND,GND,GND,GND,GND,N/A
R,15,11,R11,GND,GND,GND,GND,GND,GND,GND,GND,N/A
R,15,12,R12,GND,GND,GND,GND,GND,GND,GND,GND,N/A
R,15,13,R13,GND,GND,GND,GND,GND,GND,GND,GND,N/A
R,15,14,R14,GND,GND,GND,GND,GND,GND,GND,GND,N/A
R,15,15,R15,GND,GND,GND,GND,GND,GND,GND,GND,N/A
R,15,16,R16,GND,GND,GND,GND,GND,GND,GND,GND,N/A
R,15,17,R17,GND,GND,GND,GND,GND,GND,GND,GND,N/A
R,15,18,R18,VCCO_3,VCCO,VCCO_3,VCCO,VCCO_3,VCCO,VCCO_3,VCCO,3
R,15,19,R19,IO_L31P_3,I/O,IO_L31P_3,I/O,IO_L31P_3,I/O,IO_L31P_3,I/O,3
R,15,20,R20,IO_L31N_3,I/O,IO_L31N_3,I/O,IO_L31N_3,I/O,IO_L31N_3,I/O,3
R,15,21,R21,IO_L32P_3,I/O,IO_L32P_3,I/O,IO_L32P_3,I/O,IO_L32P_3,I/O,3
R,15,22,R22,IO_L32N_3,I/O,IO_L32N_3,I/O,IO_L32N_3,I/O,IO_L32N_3,I/O,3
R,15,23,R23,GND,GND,GND,GND,GND,GND,GND,GND,N/A
R,15,24,R24,IO_L33N_3,I/O,IO_L33N_3,I/O,IO_L33N_3,I/O,IO_L33N_3,I/O,3
R,15,25,R25,IO_L34P_3/VREF_3,VREF,IO_L34P_3/VREF_3,VREF,IO_L34P_3/VREF_3,VREF,IO_L34P_3/VREF_3,VREF,3
R,15,26,R26,IO_L34N_3,I/O,IO_L34N_3,I/O,IO_L34N_3,I/O,IO_L34N_3,I/O,3
T,16,1,T1,IO_L29P_6,I/O,IO_L29P_6,I/O,IO_L29P_6,I/O,IO_L29P_6,I/O,6
T,16,2,T2,IO_L29N_6,I/O,IO_L29N_6,I/O,IO_L29N_6,I/O,IO_L29N_6,I/O,6
T,16,3,T3,VCCO_6,VCCO,VCCO_6,VCCO,VCCO_6,VCCO,VCCO_6,VCCO,6
T,16,4,T4,IO_L33N_6,I/O,IO_L33N_6,I/O,IO_L33N_6,I/O,IO_L33N_6,I/O,6
T,16,5,T5,IO_L28P_6,I/O,IO_L28P_6,I/O,IO_L28P_6,I/O,IO_L28P_6,I/O,6
T,16,6,T6,IO_L28N_6,I/O,IO_L28N_6,I/O,IO_L28N_6,I/O,IO_L28N_6,I/O,6
T,16,7,T7,IO_L27P_6,I/O,IO_L27P_6,I/O,IO_L27P_6,I/O,IO_L27P_6,I/O,6
T,16,8,T8,IO_L27N_6,I/O,IO_L27N_6,I/O,IO_L27N_6,I/O,IO_L27N_6,I/O,6
T,16,9,T9,VCCO_6,VCCO,VCCO_6,VCCO,VCCO_6,VCCO,VCCO_6,VCCO,6
T,16,10,T10,GND,GND,GND,GND,GND,GND,GND,GND,N/A
T,16,11,T11,GND,GND,GND,GND,GND,GND,GND,GND,N/A
T,16,12,T12,GND,GND,GND,GND,GND,GND,GND,GND,N/A
T,16,13,T13,GND,GND,GND,GND,GND,GND,GND,GND,N/A
T,16,14,T14,GND,GND,GND,GND,GND,GND,GND,GND,N/A
T,16,15,T15,GND,GND,GND,GND,GND,GND,GND,GND,N/A
T,16,16,T16,GND,GND,GND,GND,GND,GND,GND,GND,N/A
T,16,17,T17,GND,GND,GND,GND,GND,GND,GND,GND,N/A
T,16,18,T18,VCCO_3,VCCO,VCCO_3,VCCO,VCCO_3,VCCO,VCCO_3,VCCO,3
T,16,19,T19,IO_L27P_3,I/O,IO_L27P_3,I/O,IO_L27P_3,I/O,IO_L27P_3,I/O,3
T,16,20,T20,IO_L27N_3,I/O,IO_L27N_3,I/O,IO_L27N_3,I/O,IO_L27N_3,I/O,3
T,16,21,T21,IO_L28P_3,I/O,IO_L28P_3,I/O,IO_L28P_3,I/O,IO_L28P_3,I/O,3
T,16,22,T22,IO_L28N_3,I/O,IO_L28N_3,I/O,IO_L28N_3,I/O,IO_L28N_3,I/O,3
T,16,23,T23,IO_L33P_3,I/O,IO_L33P_3,I/O,IO_L33P_3,I/O,IO_L33P_3,I/O,3
T,16,24,T24,VCCO_3,VCCO,VCCO_3,VCCO,VCCO_3,VCCO,VCCO_3,VCCO,3
T,16,25,T25,IO_L29P_3,I/O,IO_L29P_3,I/O,IO_L29P_3,I/O,IO_L29P_3,I/O,3
T,16,26,T26,IO_L29N_3,I/O,IO_L29N_3,I/O,IO_L29N_3,I/O,IO_L29N_3,I/O,3
U,17,1,U1,IO_L26P_6,I/O,IO_L26P_6,I/O,IO_L26P_6,I/O,IO_L26P_6,I/O,6
U,17,2,U2,IO_L26N_6,I/O,IO_L26N_6,I/O,IO_L26N_6,I/O,IO_L26N_6,I/O,6
U,17,3,U3,IO_L24P_6,I/O,IO_L24P_6,I/O,IO_L24P_6,I/O,IO_L24P_6,I/O,6
U,17,4,U4,IO_L24N_6/VREF_6,VREF,IO_L24N_6/VREF_6,VREF,IO_L24N_6/VREF_6,VREF,IO_L24N_6/VREF_6,VREF,6
U,17,5,U5,IO_L23P_6,I/O,IO_L23P_6,I/O,IO_L23P_6,I/O,IO_L23P_6,I/O,6
U,17,6,U6,IO_L23N_6,I/O,IO_L23N_6,I/O,IO_L23N_6,I/O,IO_L23N_6,I/O,6
U,17,7,U7,IO_L20P_6,I/O,IO_L20P_6,I/O,IO_L20P_6,I/O,IO_L20P_6,I/O,6
U,17,8,U8,VCCO_6,VCCO,VCCO_6,VCCO,VCCO_6,VCCO,VCCO_6,VCCO,6
U,17,9,U9,VCCINT,VCCINT,VCCINT,VCCINT,VCCINT,VCCINT,VCCINT,VCCINT,N/A
U,17,10,U10,VCCINT,VCCINT,VCCINT,VCCINT,VCCINT,VCCINT,VCCINT,VCCINT,N/A
U,17,11,U11,GND,GND,GND,GND,GND,GND,GND,GND,N/A
U,17,12,U12,GND,GND,GND,GND,GND,GND,GND,GND,N/A
U,17,13,U13,VCCO_5,VCCO,VCCO_5,VCCO,VCCO_5,VCCO,VCCO_5,VCCO,5
U,17,14,U14,VCCO_4,VCCO,VCCO_4,VCCO,VCCO_4,VCCO,VCCO_4,VCCO,4
U,17,15,U15,GND,GND,GND,GND,GND,GND,GND,GND,N/A
U,17,16,U16,GND,GND,GND,GND,GND,GND,GND,GND,N/A
U,17,17,U17,VCCINT,VCCINT,VCCINT,VCCINT,VCCINT,VCCINT,VCCINT,VCCINT,N/A
U,17,18,U18,VCCINT,VCCINT,VCCINT,VCCINT,VCCINT,VCCINT,VCCINT,VCCINT,N/A
U,17,19,U19,VCCO_3,VCCO,VCCO_3,VCCO,VCCO_3,VCCO,VCCO_3,VCCO,3
U,17,20,U20,IO_L20N_3,I/O,IO_L20N_3,I/O,IO_L20N_3,I/O,IO_L20N_3,I/O,3
U,17,21,U21,IO_L23P_3/VREF_3,VREF,IO_L23P_3/VREF_3,VREF,IO_L23P_3/VREF_3,VREF,IO_L23P_3/VREF_3,VREF,3
U,17,22,U22,IO_L23N_3,I/O,IO_L23N_3,I/O,IO_L23N_3,I/O,IO_L23N_3,I/O,3
U,17,23,U23,IO_L24P_3,I/O,IO_L24P_3,I/O,IO_L24P_3,I/O,IO_L24P_3,I/O,3
U,17,24,U24,IO_L24N_3,I/O,IO_L24N_3,I/O,IO_L24N_3,I/O,IO_L24N_3,I/O,3
U,17,25,U25,IO_L26P_3,I/O,IO_L26P_3,I/O,IO_L26P_3,I/O,IO_L26P_3,I/O,3
U,17,26,U26,IO_L26N_3,I/O,IO_L26N_3,I/O,IO_L26N_3,I/O,IO_L26N_3,I/O,3
V,18,1,V1,VCCAUX,VCCAUX,VCCAUX,VCCAUX,VCCAUX,VCCAUX,VCCAUX,VCCAUX,N/A
V,18,2,V2,IO_L22P_6,I/O,IO_L22P_6,I/O,IO_L22P_6,I/O,IO_L22P_6,I/O,6
V,18,3,V3,IO_L22N_6,I/O,IO_L22N_6,I/O,IO_L22N_6,I/O,IO_L22N_6,I/O,6
V,18,4,V4,IO_L21P_6,I/O,IO_L21P_6,I/O,IO_L21P_6,I/O,IO_L21P_6,I/O,6
V,18,5,V5,IO_L21N_6,I/O,IO_L21N_6,I/O,IO_L21N_6,I/O,IO_L21N_6,I/O,6
V,18,6,V6,IO_L16N_6,I/O,IO_L16N_6,I/O,IO_L16N_6,I/O,IO_L16N_6,I/O,6
V,18,7,V7,IO_L20N_6,I/O,IO_L20N_6,I/O,IO_L20N_6,I/O,IO_L20N_6,I/O,6
V,18,8,V8,VCCO_6,VCCO,VCCO_6,VCCO,VCCO_6,VCCO,VCCO_6,VCCO,6
V,18,9,V9,VCCINT,VCCINT,VCCINT,VCCINT,VCCINT,VCCINT,VCCINT,VCCINT,N/A
V,18,10,V10,VCCINT,VCCINT,VCCINT,VCCINT,VCCINT,VCCINT,VCCINT,VCCINT,N/A
V,18,11,V11,VCCO_5,VCCO,VCCO_5,VCCO,VCCO_5,VCCO,VCCO_5,VCCO,5
V,18,12,V12,VCCO_5,VCCO,VCCO_5,VCCO,VCCO_5,VCCO,VCCO_5,VCCO,5
V,18,13,V13,VCCO_5,VCCO,VCCO_5,VCCO,VCCO_5,VCCO,VCCO_5,VCCO,5
V,18,14,V14,VCCO_4,VCCO,VCCO_4,VCCO,VCCO_4,VCCO,VCCO_4,VCCO,4
V,18,15,V15,VCCO_4,VCCO,VCCO_4,VCCO,VCCO_4,VCCO,VCCO_4,VCCO,4
V,18,16,V16,VCCO_4,VCCO,VCCO_4,VCCO,VCCO_4,VCCO,VCCO_4,VCCO,4
V,18,17,V17,VCCINT,VCCINT,VCCINT,VCCINT,VCCINT,VCCINT,VCCINT,VCCINT,N/A
V,18,18,V18,VCCINT,VCCINT,VCCINT,VCCINT,VCCINT,VCCINT,VCCINT,VCCINT,N/A
V,18,19,V19,VCCO_3,VCCO,VCCO_3,VCCO,VCCO_3,VCCO,VCCO_3,VCCO,3
V,18,20,V20,IO_L20P_3,I/O,IO_L20P_3,I/O,IO_L20P_3,I/O,IO_L20P_3,I/O,3
V,18,21,V21,IO_L16N_3,I/O,IO_L16N_3,I/O,IO_L16N_3,I/O,IO_L16N_3,I/O,3
V,18,22,V22,IO_L21P_3,I/O,IO_L21P_3,I/O,IO_L21P_3,I/O,IO_L21P_3,I/O,3
V,18,23,V23,IO_L21N_3,I/O,IO_L21N_3,I/O,IO_L21N_3,I/O,IO_L21N_3,I/O,3
V,18,24,V24,IO_L22P_3,I/O,IO_L22P_3,I/O,IO_L22P_3,I/O,IO_L22P_3,I/O,3
V,18,25,V25,IO_L22N_3,I/O,IO_L22N_3,I/O,IO_L22N_3,I/O,IO_L22N_3,I/O,3
V,18,26,V26,VCCAUX,VCCAUX,VCCAUX,VCCAUX,VCCAUX,VCCAUX,VCCAUX,VCCAUX,N/A
W,19,1,W1,IO_L19P_6,I/O,IO_L19P_6,I/O,IO_L19P_6,I/O,IO_L19P_6,I/O,6
W,19,2,W2,IO_L19N_6,I/O,IO_L19N_6,I/O,IO_L19N_6,I/O,IO_L19N_6,I/O,6
W,19,3,W3,IO_L17P_6/VREF_6,VREF,IO_L17P_6/VREF_6,VREF,IO_L17P_6/VREF_6,VREF,IO_L17P_6/VREF_6,VREF,6
W,19,4,W4,IO_L17N_6,I/O,IO_L17N_6,I/O,IO_L17N_6,I/O,IO_L17N_6,I/O,6
W,19,5,W5,IO_L16P_6,I/O,IO_L16P_6,I/O,IO_L16P_6,I/O,IO_L16P_6,I/O,6
W,19,6,W6,IO_L14P_6,I/O,IO_L14P_6,I/O,IO_L14P_6,I/O,IO_L14P_6,I/O,6
W,19,7,W7,IO_L14N_6,I/O,IO_L14N_6,I/O,IO_L14N_6,I/O,IO_L14N_6,I/O,6
W,19,8,W8,VCCINT,VCCINT,VCCINT,VCCINT,VCCINT,VCCINT,VCCINT,VCCINT,N/A
W,19,9,W9,VCCO_5,VCCO,VCCO_5,VCCO,VCCO_5,VCCO,VCCO_5,VCCO,5
W,19,10,W10,VCCO_5,VCCO,VCCO_5,VCCO,VCCO_5,VCCO,VCCO_5,VCCO,5
W,19,11,W11,IO_L24P_5,I/O,IO_L24P_5,I/O,IO_L24P_5,I/O,IO_L24P_5,I/O,5
W,19,12,W12,IO_L27P_5,I/O,IO_L27P_5,I/O,IO_L27P_5,I/O,IO_L27P_5,I/O,5
W,19,13,W13,IO_L30P_5,I/O,IO_L30P_5,I/O,IO_L30P_5,I/O,IO_L30P_5,I/O,5
W,19,14,W14,IO_L27P_4/D1,DUAL,IO_L27P_4/D1,DUAL,IO_L27P_4/D1,DUAL,IO_L27P_4/D1,DUAL,4
W,19,15,W15,IO,I/O,IO,I/O,IO,I/O,IO,I/O,4
W,19,16,W16,IO,I/O,IO,I/O,IO,I/O,IO,I/O,4
W,19,17,W17,VCCO_4,VCCO,VCCO_4,VCCO,VCCO_4,VCCO,VCCO_4,VCCO,4
W,19,18,W18,VCCO_4,VCCO,VCCO_4,VCCO,VCCO_4,VCCO,VCCO_4,VCCO,4
W,19,19,W19,VCCINT,VCCINT,VCCINT,VCCINT,VCCINT,VCCINT,VCCINT,VCCINT,N/A
W,19,20,W20,N.C.,N.C.,IO_L10P_3,I/O,IO_L10P_3,I/O,IO_L10P_3,I/O,3
W,19,21,W21,N.C.,N.C.,IO_L10N_3,I/O,IO_L10N_3,I/O,IO_L10N_3,I/O,3
W,19,22,W22,IO_L16P_3,I/O,IO_L16P_3,I/O,IO_L16P_3,I/O,IO_L16P_3,I/O,3
W,19,23,W23,IO_L17P_3/VREF_3,VREF,IO_L17P_3/VREF_3,VREF,IO_L17P_3/VREF_3,VREF,IO_L17P_3/VREF_3,VREF,3
W,19,24,W24,IO_L17N_3,I/O,IO_L17N_3,I/O,IO_L17N_3,I/O,IO_L17N_3,I/O,3
W,19,25,W25,IO_L19P_3,I/O,IO_L19P_3,I/O,IO_L19P_3,I/O,IO_L19P_3,I/O,3
W,19,26,W26,IO_L19N_3,I/O,IO_L19N_3,I/O,IO_L19N_3,I/O,IO_L19N_3,I/O,3
Y,20,1,Y1,N.C.,N.C.,IO_L10P_6,I/O,IO_L10P_6,I/O,IO_L10P_6,I/O,6
Y,20,2,Y2,N.C.,N.C.,IO_L10N_6,I/O,IO_L10N_6,I/O,IO_L10N_6,I/O,6
Y,20,3,Y3,VCCO_6,VCCO,VCCO_6,VCCO,VCCO_6,VCCO,VCCO_6,VCCO,6
Y,20,4,Y4,N.C.,N.C.,IO_L08P_6,I/O,IO_L08P_6,I/O,IO_L08P_6,I/O,6
Y,20,5,Y5,N.C.,N.C.,IO_L08N_6,I/O,IO_L08N_6,I/O,IO_L08N_6,I/O,6
Y,20,6,Y6,N.C.,N.C.,IO_L06P_6,I/O,IO_L06P_6,I/O,IO_L06P_6,I/O,6
Y,20,7,Y7,N.C.,N.C.,IO_L06N_6,I/O,IO_L06N_6,I/O,IO_L06N_6,I/O,6
Y,20,8,Y8,IO,I/O,IO,I/O,IO,I/O,IO,I/O,5
Y,20,9,Y9,IO_L16P_5,I/O,IO_L16P_5,I/O,IO_L16P_5,I/O,IO_L16P_5,I/O,5
Y,20,10,Y10,IO_L19P_5/VREF_5,VREF,IO_L19P_5/VREF_5,VREF,IO_L19P_5/VREF_5,VREF,IO_L19P_5/VREF_5,VREF,5
Y,20,11,Y11,IO_L24N_5,I/O,IO_L24N_5,I/O,IO_L24N_5,I/O,IO_L24N_5,I/O,5
Y,20,12,Y12,IO_L27N_5/VREF_5,VREF,IO_L27N_5/VREF_5,VREF,IO_L27N_5/VREF_5,VREF,IO_L27N_5/VREF_5,VREF,5
Y,20,13,Y13,IO_L30N_5,I/O,IO_L30N_5,I/O,IO_L30N_5,I/O,IO_L30N_5,I/O,5
Y,20,14,Y14,IO_L30N_4/D2,DUAL,IO_L30N_4/D2,DUAL,IO_L30N_4/D2,DUAL,IO_L30N_4/D2,DUAL,4
Y,20,15,Y15,IO_L27N_4/DIN/D0,DUAL,IO_L27N_4/DIN/D0,DUAL,IO_L27N_4/DIN/D0,DUAL,IO_L27N_4/DIN/D0,DUAL,4
Y,20,16,Y16,IO_L24N_4,I/O,IO_L24N_4,I/O,IO_L24N_4,I/O,IO_L24N_4,I/O,4
Y,20,17,Y17,IO/VREF_4,VREF,IO/VREF_4,VREF,IO/VREF_4,VREF,IO/VREF_4,VREF,4
Y,20,18,Y18,IO_L16N_4,I/O,IO_L16N_4,I/O,IO_L16N_4,I/O,IO_L16N_4,I/O,4
Y,20,19,Y19,N.C.,N.C.,IO_L11N_4,I/O,IO_L11N_4,I/O,IO_L11N_4,I/O,4
Y,20,20,Y20,N.C.,N.C.,IO_L05P_3,I/O,IO_L05P_3,I/O,IO_L05P_3,I/O,3
Y,20,21,Y21,N.C.,N.C.,IO_L05N_3,I/O,IO_L05N_3,I/O,IO_L05N_3,I/O,3
Y,20,22,Y22,N.C.,N.C.,IO_L08P_3,I/O,IO_L08P_3,I/O,IO_L08P_3,I/O,3
Y,20,23,Y23,N.C.,N.C.,IO_L08N_3,I/O,IO_L08N_3,I/O,IO_L08N_3,I/O,3
Y,20,24,Y24,VCCO_3,VCCO,VCCO_3,VCCO,VCCO_3,VCCO,VCCO_3,VCCO,3
Y,20,25,Y25,IO_L14P_3,I/O,IO_L14P_3,I/O,IO_L14P_3,I/O,IO_L14P_3,I/O,3
Y,20,26,Y26,IO_L14N_3,I/O,IO_L14N_3,I/O,IO_L14N_3,I/O,IO_L14N_3,I/O,3
AA,21,1,AA1,N.C.,N.C.,IO_L09P_6,I/O,IO_L09P_6,I/O,IO_L09P_6,I/O,6
AA,21,2,AA2,N.C.,N.C.,IO_L09N_6/VREF_6,VREF,IO_L09N_6/VREF_6,VREF,IO_L09N_6/VREF_6,VREF,6
AA,21,3,AA3,N.C.,N.C.,IO_L07P_6,I/O,IO_L07P_6,I/O,IO_L07P_6,I/O,6
AA,21,4,AA4,N.C.,N.C.,IO_L07N_6,I/O,IO_L07N_6,I/O,IO_L07N_6,I/O,6
AA,21,5,AA5,N.C.,N.C.,N.C.,N.C.,IO,I/O,IO,I/O,6
AA,21,6,AA6,IO_L05P_5,I/O,IO_L05P_5,I/O,IO_L05P_5,I/O,IO_L05P_5,I/O,5
AA,21,7,AA7,IO,I/O,IO,I/O,IO,I/O,IO,I/O,5
AA,21,8,AA8,N.C.,N.C.,IO_L11P_5,I/O,IO_L11P_5,I/O,IO_L11P_5,I/O,5
AA,21,9,AA9,IO_L16N_5,I/O,IO_L16N_5,I/O,IO_L16N_5,I/O,IO_L16N_5,I/O,5
AA,21,10,AA10,IO_L19N_5,I/O,IO_L19N_5,I/O,IO_L19N_5,I/O,IO_L19N_5,I/O,5
AA,21,11,AA11,IO_L25P_5,I/O,IO_L25P_5,I/O,IO_L25P_5,I/O,IO_L25P_5,I/O,5
AA,21,12,AA12,IO_L28P_5/D7,DUAL,IO_L28P_5/D7,DUAL,IO_L28P_5/D7,DUAL,IO_L28P_5/D7,DUAL,5
AA,21,13,AA13,IO,I/O,IO,I/O,IO,I/O,IO,I/O,5
AA,21,14,AA14,IO_L30P_4/D3,DUAL,IO_L30P_4/D3,DUAL,IO_L30P_4/D3,DUAL,IO_L30P_4/D3,DUAL,4
AA,21,15,AA15,IO_L28N_4,I/O,IO_L28N_4,I/O,IO_L28N_4,I/O,IO_L28N_4,I/O,4
AA,21,16,AA16,IO_L24P_4,I/O,IO_L24P_4,I/O,IO_L24P_4,I/O,IO_L24P_4,I/O,4
AA,21,17,AA17,IO_L19P_4,I/O,IO_L19P_4,I/O,IO_L19P_4,I/O,IO_L19P_4,I/O,4
AA,21,18,AA18,IO_L16P_4,I/O,IO_L16P_4,I/O,IO_L16P_4,I/O,IO_L16P_4,I/O,4
AA,21,19,AA19,N.C.,N.C.,IO_L11P_4,I/O,IO_L11P_4,I/O,IO_L11P_4,I/O,4
AA,21,20,AA20,IO,I/O,IO,I/O,IO,I/O,IO,I/O,4
AA,21,21,AA21,IO_L01P_3/VRN_3,DCI,IO_L01P_3/VRN_3,DCI,IO_L01P_3/VRN_3,DCI,IO_L01P_3/VRN_3,DCI,3
AA,21,22,AA22,IO_L01N_3/VRP_3,DCI,IO_L01N_3/VRP_3,DCI,IO_L01N_3/VRP_3,DCI,IO_L01N_3/VRP_3,DCI,3
AA,21,23,AA23,N.C.,N.C.,IO_L07P_3,I/O,IO_L07P_3,I/O,IO_L07P_3,I/O,3
AA,21,24,AA24,N.C.,N.C.,IO_L07N_3,I/O,IO_L07N_3,I/O,IO_L07N_3,I/O,3
AA,21,25,AA25,N.C.,N.C.,IO_L09P_3/VREF_3,VREF,IO_L09P_3/VREF_3,VREF,IO_L09P_3/VREF_3,VREF,3
AA,21,26,AA26,N.C.,N.C.,IO_L09N_3,I/O,IO_L09N_3,I/O,IO_L09N_3,I/O,3
AB,22,1,AB1,N.C.,N.C.,IO_L05P_6,I/O,IO_L05P_6,I/O,IO_L05P_6,I/O,6
AB,22,2,AB2,N.C.,N.C.,IO_L05N_6,I/O,IO_L05N_6,I/O,IO_L05N_6,I/O,6
AB,22,3,AB3,IO_L02P_6,I/O,IO_L02P_6,I/O,IO_L02P_6,I/O,IO_L02P_6,I/O,6
AB,22,4,AB4,IO_L02N_6,I/O,IO_L02N_6,I/O,IO_L02N_6,I/O,IO_L02N_6,I/O,6
AB,22,5,AB5,IO_L01P_5/CS_B,DUAL,IO_L01P_5/CS_B,DUAL,IO_L01P_5/CS_B,DUAL,IO_L01P_5/CS_B,DUAL,5
AB,22,6,AB6,IO_L05N_5,I/O,IO_L05N_5,I/O,IO_L05N_5,I/O,IO_L05N_5,I/O,5
AB,22,7,AB7,IO_L09P_5,I/O,IO_L09P_5,I/O,IO_L09P_5,I/O,IO_L09P_5,I/O,5
AB,22,8,AB8,N.C.,N.C.,IO_L11N_5/VREF_5,VREF,IO_L11N_5/VREF_5,VREF,IO_L11N_5/VREF_5,VREF,5
AB,22,9,AB9,IO,I/O,IO,I/O,IO,I/O,IO,I/O,5
AB,22,10,AB10,IO_L22P_5,I/O,IO_L22P_5,I/O,IO_L22P_5,I/O,IO_L22P_5,I/O,5
AB,22,11,AB11,IO_L25N_5,I/O,IO_L25N_5,I/O,IO_L25N_5,I/O,IO_L25N_5,I/O,5
AB,22,12,AB12,IO_L28N_5/D6,DUAL,IO_L28N_5/D6,DUAL,IO_L28N_5/D6,DUAL,IO_L28N_5/D6,DUAL,5
AB,22,13,AB13,IO_L31P_5/D5,DUAL,IO_L31P_5/D5,DUAL,IO_L31P_5/D5,DUAL,IO_L31P_5/D5,DUAL,5
AB,22,14,AB14,IO/VREF_4,VREF,IO/VREF_4,VREF,IO/VREF_4,VREF,IO/VREF_4,VREF,4
AB,22,15,AB15,IO_L28P_4,I/O,IO_L28P_4,I/O,IO_L28P_4,I/O,IO_L28P_4,I/O,4
AB,22,16,AB16,IO_L25N_4,I/O,IO_L25N_4,I/O,IO_L25N_4,I/O,IO_L25N_4,I/O,4
AB,22,17,AB17,IO_L22P_4,I/O,IO_L22P_4,I/O,IO_L22P_4,I/O,IO_L22P_4,I/O,4
AB,22,18,AB18,N.C.,N.C.,IO_L17N_4,I/O,IO_L17N_4,I/O,IO_L17N_4,I/O,4
AB,22,19,AB19,N.C.,N.C.,IO_L12N_4,I/O,IO_L12N_4,I/O,IO_L12N_4,I/O,4
AB,22,20,AB20,IO_L09N_4,I/O,IO_L09N_4,I/O,IO_L09N_4,I/O,IO_L09N_4,I/O,4
AB,22,21,AB21,IO_L07N_4,I/O,IO_L07N_4,I/O,IO_L07N_4,I/O,IO_L07N_4,I/O,4
AB,22,22,AB22,IO_L01N_4/VRP_4,DCI,IO_L01N_4/VRP_4,DCI,IO_L01N_4/VRP_4,DCI,IO_L01N_4/VRP_4,DCI,4
AB,22,23,AB23,IO_L02P_3,I/O,IO_L02P_3,I/O,IO_L02P_3,I/O,IO_L02P_3,I/O,3
AB,22,24,AB24,IO_L02N_3/VREF_3,VREF,IO_L02N_3/VREF_3,VREF,IO_L02N_3/VREF_3,VREF,IO_L02N_3/VREF_3,VREF,3
AB,22,25,AB25,N.C.,N.C.,IO_L06P_3,I/O,IO_L06P_3,I/O,IO_L06P_3,I/O,3
AB,22,26,AB26,N.C.,N.C.,IO_L06N_3,I/O,IO_L06N_3,I/O,IO_L06N_3,I/O,3
AC,23,1,AC1,IO_L03P_6,I/O,IO_L03P_6,I/O,IO_L03P_6,I/O,IO_L03P_6,I/O,6
AC,23,2,AC2,IO_L03N_6/VREF_6,VREF,IO_L03N_6/VREF_6,VREF,IO_L03N_6/VREF_6,VREF,IO_L03N_6/VREF_6,VREF,6
AC,23,3,AC3,M1,CONFIG,M1,CONFIG,M1,CONFIG,M1,CONFIG,VCCAUX
AC,23,4,AC4,GND,GND,GND,GND,GND,GND,GND,GND,N/A
AC,23,5,AC5,IO_L01N_5/RDWR_B,DUAL,IO_L01N_5/RDWR_B,DUAL,IO_L01N_5/RDWR_B,DUAL,IO_L01N_5/RDWR_B,DUAL,5
AC,23,6,AC6,IO_L07P_5,I/O,IO_L07P_5,I/O,IO_L07P_5,I/O,IO_L07P_5,I/O,5
AC,23,7,AC7,IO_L09N_5,I/O,IO_L09N_5,I/O,IO_L09N_5,I/O,IO_L09N_5,I/O,5
AC,23,8,AC8,N.C.,N.C.,IO_L12P_5,I/O,IO_L12P_5,I/O,IO_L12P_5,I/O,5
AC,23,9,AC9,N.C.,N.C.,IO,I/O,IO,I/O,IO,I/O,5
AC,23,10,AC10,IO_L22N_5,I/O,IO_L22N_5,I/O,IO_L22N_5,I/O,IO_L22N_5,I/O,5
AC,23,11,AC11,IO,I/O,IO,I/O,IO,I/O,IO,I/O,5
AC,23,12,AC12,GND,GND,GND,GND,GND,GND,GND,GND,N/A
AC,23,13,AC13,IO_L31N_5/D4,DUAL,IO_L31N_5/D4,DUAL,IO_L31N_5/D4,DUAL,IO_L31N_5/D4,DUAL,5
AC,23,14,AC14,IO_L31N_4/INIT_B,DUAL,IO_L31N_4/INIT_B,DUAL,IO_L31N_4/INIT_B,DUAL,IO_L31N_4/INIT_B,DUAL,4
AC,23,15,AC15,GND,GND,GND,GND,GND,GND,GND,GND,N/A
AC,23,16,AC16,IO_L25P_4,I/O,IO_L25P_4,I/O,IO_L25P_4,I/O,IO_L25P_4,I/O,4
AC,23,17,AC17,IO_L19N_4,I/O,IO_L19N_4,I/O,IO_L19N_4,I/O,IO_L19N_4,I/O,4
AC,23,18,AC18,N.C.,N.C.,IO_L17P_4,I/O,IO_L17P_4,I/O,IO_L17P_4,I/O,4
AC,23,19,AC19,N.C.,N.C.,IO_L12P_4,I/O,IO_L12P_4,I/O,IO_L12P_4,I/O,4
AC,23,20,AC20,IO_L09P_4,I/O,IO_L09P_4,I/O,IO_L09P_4,I/O,IO_L09P_4,I/O,4
AC,23,21,AC21,IO_L07P_4,I/O,IO_L07P_4,I/O,IO_L07P_4,I/O,IO_L07P_4,I/O,4
AC,23,22,AC22,IO_L01P_4/VRN_4,DCI,IO_L01P_4/VRN_4,DCI,IO_L01P_4/VRN_4,DCI,IO_L01P_4/VRN_4,DCI,4
AC,23,23,AC23,GND,GND,GND,GND,GND,GND,GND,GND,N/A
AC,23,24,AC24,DONE,CONFIG,DONE,CONFIG,DONE,CONFIG,DONE,CONFIG,VCCAUX
AC,23,25,AC25,IO_L03P_3,I/O,IO_L03P_3,I/O,IO_L03P_3,I/O,IO_L03P_3,I/O,3
AC,23,26,AC26,IO_L03N_3,I/O,IO_L03N_3,I/O,IO_L03N_3,I/O,IO_L03N_3,I/O,3
AD,24,1,AD1,IO_L01P_6/VRN_6,DCI,IO_L01P_6/VRN_6,DCI,IO_L01P_6/VRN_6,DCI,IO_L01P_6/VRN_6,DCI,6
AD,24,2,AD2,IO_L01N_6/VRP_6,DCI,IO_L01N_6/VRP_6,DCI,IO_L01N_6/VRP_6,DCI,IO_L01N_6/VRP_6,DCI,6
AD,24,3,AD3,GND,GND,GND,GND,GND,GND,GND,GND,N/A
AD,24,4,AD4,IO_L04P_5,I/O,IO_L04P_5,I/O,IO_L04P_5,I/O,IO_L04P_5,I/O,5
AD,24,5,AD5,IO_L06P_5,I/O,IO_L06P_5,I/O,IO_L06P_5,I/O,IO_L06P_5,I/O,5
AD,24,6,AD6,IO_L07N_5,I/O,IO_L07N_5,I/O,IO_L07N_5,I/O,IO_L07N_5,I/O,5
AD,24,7,AD7,VCCO_5,VCCO,VCCO_5,VCCO,VCCO_5,VCCO,VCCO_5,VCCO,5
AD,24,8,AD8,N.C.,N.C.,IO_L12N_5,I/O,IO_L12N_5,I/O,IO_L12N_5,I/O,5
AD,24,9,AD9,N.C.,N.C.,IO_L18P_5,I/O,IO_L18P_5,I/O,IO_L18P_5,I/O,5
AD,24,10,AD10,IO,I/O,IO,I/O,IO,I/O,IO,I/O,5
AD,24,11,AD11,VCCO_5,VCCO,VCCO_5,VCCO,VCCO_5,VCCO,VCCO_5,VCCO,5
AD,24,12,AD12,IO,I/O,IO,I/O,IO,I/O,IO,I/O,5
AD,24,13,AD13,IO_L32P_5/GCLK2,GCLK,IO_L32P_5/GCLK2,GCLK,IO_L32P_5/GCLK2,GCLK,IO_L32P_5/GCLK2,GCLK,5
AD,24,14,AD14,IO_L31P_4/DOUT/BUSY,DUAL,IO_L31P_4/DOUT/BUSY,DUAL,IO_L31P_4/DOUT/BUSY,DUAL,IO_L31P_4/DOUT/BUSY,DUAL,4
AD,24,15,AD15,IO,I/O,IO,I/O,IO,I/O,IO,I/O,4
AD,24,16,AD16,VCCO_4,VCCO,VCCO_4,VCCO,VCCO_4,VCCO,VCCO_4,VCCO,4
AD,24,17,AD17,IO_L22N_4/VREF_4,VREF,IO_L22N_4/VREF_4,VREF,IO_L22N_4/VREF_4,VREF,IO_L22N_4/VREF_4,VREF,4
AD,24,18,AD18,N.C.,N.C.,IO_L18N_4,I/O,IO_L18N_4,I/O,IO_L18N_4,I/O,4
AD,24,19,AD19,N.C.,N.C.,IO,I/O,IO,I/O,IO,I/O,4
AD,24,20,AD20,VCCO_4,VCCO,VCCO_4,VCCO,VCCO_4,VCCO,VCCO_4,VCCO,4
AD,24,21,AD21,IO_L08N_4,I/O,IO_L08N_4,I/O,IO_L08N_4,I/O,IO_L08N_4,I/O,4
AD,24,22,AD22,IO_L06N_4/VREF_4,VREF,IO_L06N_4/VREF_4,VREF,IO_L06N_4/VREF_4,VREF,IO_L06N_4/VREF_4,VREF,4
AD,24,23,AD23,IO,I/O,IO,I/O,IO,I/O,IO,I/O,4
AD,24,24,AD24,GND,GND,GND,GND,GND,GND,GND,GND,N/A
AD,24,25,AD25,IO/VREF_4,VREF,IO/VREF_4,VREF,IO/VREF_4,VREF,IO/VREF_4,VREF,4
AD,24,26,AD26,CCLK,CONFIG,CCLK,CONFIG,CCLK,CONFIG,CCLK,CONFIG,VCCAUX
AE,25,1,AE1,VCCAUX,VCCAUX,VCCAUX,VCCAUX,VCCAUX,VCCAUX,VCCAUX,VCCAUX,N/A
AE,25,2,AE2,GND,GND,GND,GND,GND,GND,GND,GND,N/A
AE,25,3,AE3,M0,CONFIG,M0,CONFIG,M0,CONFIG,M0,CONFIG,VCCAUX
AE,25,4,AE4,IO_L04N_5,I/O,IO_L04N_5,I/O,IO_L04N_5,I/O,IO_L04N_5,I/O,5
AE,25,5,AE5,IO_L06N_5,I/O,IO_L06N_5,I/O,IO_L06N_5,I/O,IO_L06N_5,I/O,5
AE,25,6,AE6,IO_L08P_5,I/O,IO_L08P_5,I/O,IO_L08P_5,I/O,IO_L08P_5,I/O,5
AE,25,7,AE7,IO_L10P_5/VRN_5,DCI,IO_L10P_5/VRN_5,DCI,IO_L10P_5/VRN_5,DCI,IO_L10P_5/VRN_5,DCI,5
AE,25,8,AE8,IO_L15P_5,I/O,IO_L15P_5,I/O,IO_L15P_5,I/O,IO_L15P_5,I/O,5
AE,25,9,AE9,N.C.,N.C.,IO_L18N_5,I/O,IO_L18N_5,I/O,IO_L18N_5,I/O,5
AE,25,10,AE10,N.C.,N.C.,IO_L23P_5,I/O,IO_L23P_5,I/O,IO_L23P_5,I/O,5
AE,25,11,AE11,N.C.,N.C.,IO_L26P_5,I/O,IO_L26P_5,I/O,IO_L26P_5,I/O,5
AE,25,12,AE12,IO_L29P_5/VREF_5,VREF,IO_L29P_5/VREF_5,VREF,IO_L29P_5/VREF_5,VREF,IO_L29P_5/VREF_5,VREF,5
AE,25,13,AE13,IO_L32N_5/GCLK3,GCLK,IO_L32N_5/GCLK3,GCLK,IO_L32N_5/GCLK3,GCLK,IO_L32N_5/GCLK3,GCLK,5
AE,25,14,AE14,IO_L32N_4/GCLK1,GCLK,IO_L32N_4/GCLK1,GCLK,IO_L32N_4/GCLK1,GCLK,IO_L32N_4/GCLK1,GCLK,4
AE,25,15,AE15,IO_L29N_4,I/O,IO_L29N_4,I/O,IO_L29N_4,I/O,IO_L29N_4,I/O,4
AE,25,16,AE16,N.C.,N.C.,IO_L26N_4,I/O,IO_L26N_4,I/O,IO_L26N_4,I/O,4
AE,25,17,AE17,N.C.,N.C.,IO_L23N_4,I/O,IO_L23N_4,I/O,IO_L23N_4,I/O,4
AE,25,18,AE18,N.C.,N.C.,IO_L18P_4,I/O,IO_L18P_4,I/O,IO_L18P_4,I/O,4
AE,25,19,AE19,IO_L15N_4,I/O,IO_L15N_4,I/O,IO_L15N_4,I/O,IO_L15N_4,I/O,4
AE,25,20,AE20,IO_L10N_4,I/O,IO_L10N_4,I/O,IO_L10N_4,I/O,IO_L10N_4,I/O,4
AE,25,21,AE21,IO_L08P_4,I/O,IO_L08P_4,I/O,IO_L08P_4,I/O,IO_L08P_4,I/O,4
AE,25,22,AE22,IO_L06P_4,I/O,IO_L06P_4,I/O,IO_L06P_4,I/O,IO_L06P_4,I/O,4
AE,25,23,AE23,IO_L05N_4,I/O,IO_L05N_4,I/O,IO_L05N_4,I/O,IO_L05N_4,I/O,4
AE,25,24,AE24,IO_L04N_4,I/O,IO_L04N_4,I/O,IO_L04N_4,I/O,IO_L04N_4,I/O,4
AE,25,25,AE25,GND,GND,GND,GND,GND,GND,GND,GND,N/A
AE,25,26,AE26,VCCAUX,VCCAUX,VCCAUX,VCCAUX,VCCAUX,VCCAUX,VCCAUX,VCCAUX,N/A
AF,26,1,AF1,GND,GND,GND,GND,GND,GND,GND,GND,N/A
AF,26,2,AF2,VCCAUX,VCCAUX,VCCAUX,VCCAUX,VCCAUX,VCCAUX,VCCAUX,VCCAUX,N/A
AF,26,3,AF3,M2,CONFIG,M2,CONFIG,M2,CONFIG,M2,CONFIG,VCCAUX
AF,26,4,AF4,IO,I/O,IO,I/O,IO,I/O,IO,I/O,5
AF,26,5,AF5,IO/VREF_5,VREF,IO/VREF_5,VREF,IO/VREF_5,VREF,IO/VREF_5,VREF,5
AF,26,6,AF6,IO_L08N_5,I/O,IO_L08N_5,I/O,IO_L08N_5,I/O,IO_L08N_5,I/O,5
AF,26,7,AF7,IO_L10N_5/VRP_5,DCI,IO_L10N_5/VRP_5,DCI,IO_L10N_5/VRP_5,DCI,IO_L10N_5/VRP_5,DCI,5
AF,26,8,AF8,IO_L15N_5,I/O,IO_L15N_5,I/O,IO_L15N_5,I/O,IO_L15N_5,I/O,5
AF,26,9,AF9,VCCAUX,VCCAUX,VCCAUX,VCCAUX,VCCAUX,VCCAUX,VCCAUX,VCCAUX,N/A
AF,26,10,AF10,N.C.,N.C.,IO_L23N_5,I/O,IO_L23N_5,I/O,IO_L23N_5,I/O,5
AF,26,11,AF11,N.C.,N.C.,IO_L26N_5,I/O,IO_L26N_5,I/O,IO_L26N_5,I/O,5
AF,26,12,AF12,IO_L29N_5,I/O,IO_L29N_5,I/O,IO_L29N_5,I/O,IO_L29N_5,I/O,5
AF,26,13,AF13,IO/VREF_5,VREF,IO/VREF_5,VREF,IO/VREF_5,VREF,IO/VREF_5,VREF,5
AF,26,14,AF14,IO_L32P_4/GCLK0,GCLK,IO_L32P_4/GCLK0,GCLK,IO_L32P_4/GCLK0,GCLK,IO_L32P_4/GCLK0,GCLK,4
AF,26,15,AF15,IO_L29P_4,I/O,IO_L29P_4,I/O,IO_L29P_4,I/O,IO_L29P_4,I/O,4
AF,26,16,AF16,N.C.,N.C.,IO_L26P_4/VREF_4,VREF,IO_L26P_4/VREF_4,VREF,IO_L26P_4/VREF_4,VREF,4
AF,26,17,AF17,N.C.,N.C.,IO_L23P_4,I/O,IO_L23P_4,I/O,IO_L23P_4,I/O,4
AF,26,18,AF18,VCCAUX,VCCAUX,VCCAUX,VCCAUX,VCCAUX,VCCAUX,VCCAUX,VCCAUX,N/A
AF,26,19,AF19,IO_L15P_4,I/O,IO_L15P_4,I/O,IO_L15P_4,I/O,IO_L15P_4,I/O,4
AF,26,20,AF20,IO_L10P_4,I/O,IO_L10P_4,I/O,IO_L10P_4,I/O,IO_L10P_4,I/O,4
AF,26,21,AF21,IO,I/O,IO,I/O,IO,I/O,IO,I/O,4
AF,26,22,AF22,IO,I/O,IO,I/O,IO,I/O,IO,I/O,4
AF,26,23,AF23,IO_L05P_4,I/O,IO_L05P_4,I/O,IO_L05P_4,I/O,IO_L05P_4,I/O,4
AF,26,24,AF24,IO_L04P_4,I/O,IO_L04P_4,I/O,IO_L04P_4,I/O,IO_L04P_4,I/O,4
AF,26,25,AF25,VCCAUX,VCCAUX,VCCAUX,VCCAUX,VCCAUX,VCCAUX,VCCAUX,VCCAUX,N/A
AF,26,26,AF26,GND,GND,GND,GND,GND,GND,GND,GND,N/A
