SORT_ROW,SORT_ROW_#,SORT_COLUMN,PIN_NUMBER,XC3S2000,XC3S2000_TYPE,XC3S4000,XC3S4000_TYPE,XC3S5000,XC3S5000_TYPE,BANK
A,1,1,A1,GND,GND,GND,GND,GND,GND,N/A
A,1,2,A2,GND,GND,GND,GND,GND,GND,N/A
A,1,3,A3,HSWAP_EN,CONFIG,HSWAP_EN,CONFIG,HSWAP_EN,CONFIG,VCCAUX
A,1,4,A4,IO_L01P_0/VRN_0,DCI,IO_L01P_0/VRN_0,DCI,IO_L01P_0/VRN_0,DCI,0
A,1,5,A5,IO_L02P_0,I/O,IO_L02P_0,I/O,IO_L02P_0,I/O,0
A,1,6,A6,GND,GND,GND,GND,GND,GND,N/A
A,1,7,A7,N.C.,N.C.,IO_L35P_0,I/O,IO_L35P_0,I/O,0
A,1,8,A8,IO_L09P_0,I/O,IO_L09P_0,I/O,IO_L09P_0,I/O,0
A,1,9,A9,N.C.,N.C.,IO_L38P_0,I/O,IO_L38P_0,I/O,0
A,1,10,A10,GND,GND,GND,GND,GND,GND,N/A
A,1,11,A11,IO_L17P_0,I/O,IO_L17P_0,I/O,IO_L17P_0,I/O,0
A,1,12,A12,IO_L22P_0,I/O,IO_L22P_0,I/O,IO_L22P_0,I/O,0
A,1,13,A13,IO_L25P_0,I/O,IO_L25P_0,I/O,IO_L25P_0,I/O,0
A,1,14,A14,GND,GND,GND,GND,GND,GND,N/A
A,1,15,A15,IO_L32P_0/GCLK6,GCLK,IO_L32P_0/GCLK6,GCLK,IO_L32P_0/GCLK6,GCLK,0
A,1,16,A16,IO,I/O,IO,I/O,IO,I/O,1
A,1,17,A17,GND,GND,GND,GND,GND,GND,N/A
A,1,18,A18,N.C.,N.C.,IO_L39N_1,I/O,IO_L39N_1,I/O,1
A,1,19,A19,IO_L26N_1,I/O,IO_L26N_1,I/O,IO_L26N_1,I/O,1
A,1,20,A20,IO_L21N_1,I/O,IO_L21N_1,I/O,IO_L21N_1,I/O,1
A,1,21,A21,GND,GND,GND,GND,GND,GND,N/A
A,1,22,A22,IO_L15N_1,I/O,IO_L15N_1,I/O,IO_L15N_1,I/O,1
A,1,23,A23,IO_L11N_1,I/O,IO_L11N_1,I/O,IO_L11N_1,I/O,1
A,1,24,A24,IO_L07N_1,I/O,IO_L07N_1,I/O,IO_L07N_1,I/O,1
A,1,25,A25,GND,GND,GND,GND,GND,GND,N/A
A,1,26,A26,IO_L03N_1,I/O,IO_L03N_1,I/O,IO_L03N_1,I/O,1
A,1,27,A27,IO_L01N_1/VRP_1,DCI,IO_L01N_1/VRP_1,DCI,IO_L01N_1/VRP_1,DCI,1
A,1,28,A28,TMS,JTAG,TMS,JTAG,TMS,JTAG,VCCAUX
A,1,29,A29,GND,GND,GND,GND,GND,GND,N/A
A,1,30,A30,GND,GND,GND,GND,GND,GND,N/A
B,2,1,B1,GND,GND,GND,GND,GND,GND,N/A
B,2,2,B2,GND,GND,GND,GND,GND,GND,N/A
B,2,3,B3,PROG_B,CONFIG,PROG_B,CONFIG,PROG_B,CONFIG,VCCAUX
B,2,4,B4,IO_L01N_0/VRP_0,DCI,IO_L01N_0/VRP_0,DCI,IO_L01N_0/VRP_0,DCI,0
B,2,5,B5,IO_L02N_0,I/O,IO_L02N_0,I/O,IO_L02N_0,I/O,0
B,2,6,B6,IO_L04P_0,I/O,IO_L04P_0,I/O,IO_L04P_0,I/O,0
B,2,7,B7,N.C.,N.C.,IO_L35N_0,I/O,IO_L35N_0,I/O,0
B,2,8,B8,IO_L09N_0,I/O,IO_L09N_0,I/O,IO_L09N_0,I/O,0
B,2,9,B9,N.C.,N.C.,IO_L38N_0,I/O,IO_L38N_0,I/O,0
B,2,10,B10,IO_L12P_0,I/O,IO_L12P_0,I/O,IO_L12P_0,I/O,0
B,2,11,B11,IO_L17N_0,I/O,IO_L17N_0,I/O,IO_L17N_0,I/O,0
B,2,12,B12,IO_L22N_0,I/O,IO_L22N_0,I/O,IO_L22N_0,I/O,0
B,2,13,B13,IO_L25N_0,I/O,IO_L25N_0,I/O,IO_L25N_0,I/O,0
B,2,14,B14,IO_L28P_0,I/O,IO_L28P_0,I/O,IO_L28P_0,I/O,0
B,2,15,B15,IO_L32N_0/GCLK7,GCLK,IO_L32N_0/GCLK7,GCLK,IO_L32N_0/GCLK7,GCLK,0
B,2,16,B16,IO_L32N_1/GCLK5,GCLK,IO_L32N_1/GCLK5,GCLK,IO_L32N_1/GCLK5,GCLK,1
B,2,17,B17,IO_L28N_1,I/O,IO_L28N_1,I/O,IO_L28N_1,I/O,1
B,2,18,B18,N.C.,N.C.,IO_L39P_1,I/O,IO_L39P_1,I/O,1
B,2,19,B19,IO_L26P_1,I/O,IO_L26P_1,I/O,IO_L26P_1,I/O,1
B,2,20,B20,IO_L21P_1,I/O,IO_L21P_1,I/O,IO_L21P_1,I/O,1
B,2,21,B21,IO_L17N_1/VREF_1,VREF,IO_L17N_1/VREF_1,VREF,IO_L17N_1/VREF_1,VREF,1
B,2,22,B22,IO_L15P_1,I/O,IO_L15P_1,I/O,IO_L15P_1,I/O,1
B,2,23,B23,IO_L11P_1,I/O,IO_L11P_1,I/O,IO_L11P_1,I/O,1
B,2,24,B24,IO_L07P_1,I/O,IO_L07P_1,I/O,IO_L07P_1,I/O,1
B,2,25,B25,IO_L04N_1,I/O,IO_L04N_1,I/O,IO_L04N_1,I/O,1
B,2,26,B26,IO_L03P_1,I/O,IO_L03P_1,I/O,IO_L03P_1,I/O,1
B,2,27,B27,IO_L01P_1/VRN_1,DCI,IO_L01P_1/VRN_1,DCI,IO_L01P_1/VRN_1,DCI,1
B,2,28,B28,TCK,JTAG,TCK,JTAG,TCK,JTAG,VCCAUX
B,2,29,B29,GND,GND,GND,GND,GND,GND,N/A
B,2,30,B30,GND,GND,GND,GND,GND,GND,N/A
C,3,1,C1,IO_L01N_7/VRP_7,DCI,IO_L01N_7/VRP_7,DCI,IO_L01N_7/VRP_7,DCI,7
C,3,2,C2,IO_L01P_7/VRN_7,DCI,IO_L01P_7/VRN_7,DCI,IO_L01P_7/VRN_7,DCI,7
C,3,3,C3,TDI,JTAG,TDI,JTAG,TDI,JTAG,VCCAUX
C,3,4,C4,IO/VREF_0,VREF,IO/VREF_0,VREF,IO/VREF_0,VREF,0
C,3,5,C5,VCCO_0,VCCO,VCCO_0,VCCO,VCCO_0,VCCO,0
C,3,6,C6,IO_L04N_0,I/O,IO_L04N_0,I/O,IO_L04N_0,I/O,0
C,3,7,C7,IO_L06P_0,I/O,IO_L06P_0,I/O,IO_L06P_0,I/O,0
C,3,8,C8,IO_L08P_0,I/O,IO_L08P_0,I/O,IO_L08P_0,I/O,0
C,3,9,C9,VCCO_0,VCCO,VCCO_0,VCCO,VCCO_0,VCCO,0
C,3,10,C10,IO_L12N_0,I/O,IO_L12N_0,I/O,IO_L12N_0,I/O,0
C,3,11,C11,IO_L16P_0,I/O,IO_L16P_0,I/O,IO_L16P_0,I/O,0
C,3,12,C12,IO_L21P_0,I/O,IO_L21P_0,I/O,IO_L21P_0,I/O,0
C,3,13,C13,VCCO_0,VCCO,VCCO_0,VCCO,VCCO_0,VCCO,0
C,3,14,C14,IO_L28N_0,I/O,IO_L28N_0,I/O,IO_L28N_0,I/O,0
C,3,15,C15,IO_L31P_0/VREF_0,VREF,IO_L31P_0/VREF_0,VREF,IO_L31P_0/VREF_0,VREF,0
C,3,16,C16,IO_L32P_1/GCLK4,GCLK,IO_L32P_1/GCLK4,GCLK,IO_L32P_1/GCLK4,GCLK,1
C,3,17,C17,IO_L28P_1,I/O,IO_L28P_1,I/O,IO_L28P_1,I/O,1
C,3,18,C18,VCCO_1,VCCO,VCCO_1,VCCO,VCCO_1,VCCO,1
C,3,19,C19,IO_L25N_1,I/O,IO_L25N_1,I/O,IO_L25N_1,I/O,1
C,3,20,C20,IO_L20N_1,I/O,IO_L20N_1,I/O,IO_L20N_1,I/O,1
C,3,21,C21,IO_L17P_1,I/O,IO_L17P_1,I/O,IO_L17P_1,I/O,1
C,3,22,C22,VCCO_1,VCCO,VCCO_1,VCCO,VCCO_1,VCCO,1
C,3,23,C23,IO_L10N_1/VREF_1,VREF,IO_L10N_1/VREF_1,VREF,IO_L10N_1/VREF_1,VREF,1
C,3,24,C24,IO_L06N_1/VREF_1,VREF,IO_L06N_1/VREF_1,VREF,IO_L06N_1/VREF_1,VREF,1
C,3,25,C25,IO_L04P_1,I/O,IO_L04P_1,I/O,IO_L04P_1,I/O,1
C,3,26,C26,VCCO_1,VCCO,VCCO_1,VCCO,VCCO_1,VCCO,1
C,3,27,C27,IO_L02P_1,I/O,IO_L02P_1,I/O,IO_L02P_1,I/O,1
C,3,28,C28,TDO,JTAG,TDO,JTAG,TDO,JTAG,VCCAUX
C,3,29,C29,IO_L01N_2/VRP_2,DCI,IO_L01N_2/VRP_2,DCI,IO_L01N_2/VRP_2,DCI,2
C,3,30,C30,IO_L01P_2/VRN_2,DCI,IO_L01P_2/VRN_2,DCI,IO_L01P_2/VRN_2,DCI,2
D,4,1,D1,IO_L03N_7/VREF_7,VREF,IO_L03N_7/VREF_7,VREF,IO_L03N_7/VREF_7,VREF,7
D,4,2,D2,IO_L03P_7,I/O,IO_L03P_7,I/O,IO_L03P_7,I/O,7
D,4,3,D3,IO_L02N_7,I/O,IO_L02N_7,I/O,IO_L02N_7,I/O,7
D,4,4,D4,IO_L02P_7,I/O,IO_L02P_7,I/O,IO_L02P_7,I/O,7
D,4,5,D5,IO_L03N_0,I/O,IO_L03N_0,I/O,IO_L03N_0,I/O,0
D,4,6,D6,VCCAUX,VCCAUX,VCCAUX,VCCAUX,VCCAUX,VCCAUX,N/A
D,4,7,D7,IO_L06N_0,I/O,IO_L06N_0,I/O,IO_L06N_0,I/O,0
D,4,8,D8,IO_L08N_0,I/O,IO_L08N_0,I/O,IO_L08N_0,I/O,0
D,4,9,D9,N.C.,N.C.,IO_L37P_0,I/O,IO_L37P_0,I/O,0
D,4,10,D10,VCCAUX,VCCAUX,VCCAUX,VCCAUX,VCCAUX,VCCAUX,N/A
D,4,11,D11,IO_L16N_0,I/O,IO_L16N_0,I/O,IO_L16N_0,I/O,0
D,4,12,D12,IO_L21N_0,I/O,IO_L21N_0,I/O,IO_L21N_0,I/O,0
D,4,13,D13,IO,I/O,IO,I/O,IO,I/O,0
D,4,14,D14,VCCAUX,VCCAUX,VCCAUX,VCCAUX,VCCAUX,VCCAUX,N/A
D,4,15,D15,IO_L31N_0,I/O,IO_L31N_0,I/O,IO_L31N_0,I/O,0
D,4,16,D16,IO_L31N_1/VREF_1,VREF,IO_L31N_1/VREF_1,VREF,IO_L31N_1/VREF_1,VREF,1
D,4,17,D17,VCCAUX,VCCAUX,VCCAUX,VCCAUX,VCCAUX,VCCAUX,N/A
D,4,18,D18,N.C.,N.C.,IO_L38N_1,I/O,IO_L38N_1,I/O,1
D,4,19,D19,IO_L25P_1,I/O,IO_L25P_1,I/O,IO_L25P_1,I/O,1
D,4,20,D20,IO_L20P_1,I/O,IO_L20P_1,I/O,IO_L20P_1,I/O,1
D,4,21,D21,VCCAUX,VCCAUX,VCCAUX,VCCAUX,VCCAUX,VCCAUX,N/A
D,4,22,D22,IO_L14N_1,I/O,IO_L14N_1,I/O,IO_L14N_1,I/O,1
D,4,23,D23,IO_L10P_1,I/O,IO_L10P_1,I/O,IO_L10P_1,I/O,1
D,4,24,D24,IO_L06P_1,I/O,IO_L06P_1,I/O,IO_L06P_1,I/O,1
D,4,25,D25,VCCAUX,VCCAUX,VCCAUX,VCCAUX,VCCAUX,VCCAUX,N/A
D,4,26,D26,IO_L02N_1,I/O,IO_L02N_1,I/O,IO_L02N_1,I/O,1
D,4,27,D27,IO_L02N_2,I/O,IO_L02N_2,I/O,IO_L02N_2,I/O,2
D,4,28,D28,IO_L02P_2,I/O,IO_L02P_2,I/O,IO_L02P_2,I/O,2
D,4,29,D29,IO_L03N_2/VREF_2,VREF,IO_L03N_2/VREF_2,VREF,IO_L03N_2/VREF_2,VREF,2
D,4,30,D30,IO_L03P_2,I/O,IO_L03P_2,I/O,IO_L03P_2,I/O,2
E,5,1,E1,IO_L04N_7,I/O,IO_L04N_7,I/O,IO_L04N_7,I/O,7
E,5,2,E2,IO_L04P_7,I/O,IO_L04P_7,I/O,IO_L04P_7,I/O,7
E,5,3,E3,VCCO_7,VCCO,VCCO_7,VCCO,VCCO_7,VCCO,7
E,5,4,E4,IO_L05P_7,I/O,IO_L05P_7,I/O,IO_L05P_7,I/O,7
E,5,5,E5,GND,GND,GND,GND,GND,GND,N/A
E,5,6,E6,IO_L03P_0,I/O,IO_L03P_0,I/O,IO_L03P_0,I/O,0
E,5,7,E7,VCCO_0,VCCO,VCCO_0,VCCO,VCCO_0,VCCO,0
E,5,8,E8,IO_L07P_0,I/O,IO_L07P_0,I/O,IO_L07P_0,I/O,0
E,5,9,E9,N.C.,N.C.,IO_L37N_0,I/O,IO_L37N_0,I/O,0
E,5,10,E10,GND,GND,GND,GND,GND,GND,N/A
E,5,11,E11,IO_L15P_0,I/O,IO_L15P_0,I/O,IO_L15P_0,I/O,0
E,5,12,E12,IO_L20P_0,I/O,IO_L20P_0,I/O,IO_L20P_0,I/O,0
E,5,13,E13,IO_L24P_0,I/O,IO_L24P_0,I/O,IO_L24P_0,I/O,0
E,5,14,E14,GND,GND,GND,GND,GND,GND,N/A
E,5,15,E15,IO,I/O,IO,I/O,IO,I/O,0
E,5,16,E16,IO_L31P_1,I/O,IO_L31P_1,I/O,IO_L31P_1,I/O,1
E,5,17,E17,GND,GND,GND,GND,GND,GND,N/A
E,5,18,E18,N.C.,N.C.,IO_L38P_1,I/O,IO_L38P_1,I/O,1
E,5,19,E19,IO_L24N_1,I/O,IO_L24N_1,I/O,IO_L24N_1,I/O,1
E,5,20,E20,IO_L19N_1,I/O,IO_L19N_1,I/O,IO_L19N_1,I/O,1
E,5,21,E21,GND,GND,GND,GND,GND,GND,N/A
E,5,22,E22,IO_L14P_1,I/O,IO_L14P_1,I/O,IO_L14P_1,I/O,1
E,5,23,E23,IO_L13P_1,I/O,IO_L13P_1,I/O,IO_L13P_1,I/O,1
E,5,24,E24,VCCO_1,VCCO,VCCO_1,VCCO,VCCO_1,VCCO,1
E,5,25,E25,IO,I/O,IO,I/O,IO,I/O,1
E,5,26,E26,GND,GND,GND,GND,GND,GND,N/A
E,5,27,E27,N.C.,N.C.,IO_L41N_2,I/O,IO_L41N_2,I/O,2
E,5,28,E28,VCCO_2,VCCO,VCCO_2,VCCO,VCCO_2,VCCO,2
E,5,29,E29,IO_L04N_2,I/O,IO_L04N_2,I/O,IO_L04N_2,I/O,2
E,5,30,E30,IO_L04P_2,I/O,IO_L04P_2,I/O,IO_L04P_2,I/O,2
F,6,1,F1,GND,GND,GND,GND,GND,GND,N/A
F,6,2,F2,IO_L06N_7,I/O,IO_L06N_7,I/O,IO_L06N_7,I/O,7
F,6,3,F3,IO_L06P_7,I/O,IO_L06P_7,I/O,IO_L06P_7,I/O,7
F,6,4,F4,VCCAUX,VCCAUX,VCCAUX,VCCAUX,VCCAUX,VCCAUX,N/A
F,6,5,F5,IO_L05N_7,I/O,IO_L05N_7,I/O,IO_L05N_7,I/O,7
F,6,6,F6,IO_L05N_0,I/O,IO_L05N_0,I/O,IO_L05N_0,I/O,0
F,6,7,F7,IO_L05P_0/VREF_0,VREF,IO_L05P_0/VREF_0,VREF,IO_L05P_0/VREF_0,VREF,0
F,6,8,F8,IO_L07N_0,I/O,IO_L07N_0,I/O,IO_L07N_0,I/O,0
F,6,9,F9,IO/VREF_0,VREF,IO/VREF_0,VREF,IO/VREF_0,VREF,0
F,6,10,F10,IO_L11P_0,I/O,IO_L11P_0,I/O,IO_L11P_0,I/O,0
F,6,11,F11,IO_L15N_0,I/O,IO_L15N_0,I/O,IO_L15N_0,I/O,0
F,6,12,F12,IO_L20N_0,I/O,IO_L20N_0,I/O,IO_L20N_0,I/O,0
F,6,13,F13,IO_L24N_0,I/O,IO_L24N_0,I/O,IO_L24N_0,I/O,0
F,6,14,F14,IO_L27P_0,I/O,IO_L27P_0,I/O,IO_L27P_0,I/O,0
F,6,15,F15,IO_L30P_0,I/O,IO_L30P_0,I/O,IO_L30P_0,I/O,0
F,6,16,F16,IO,I/O,IO,I/O,IO,I/O,1
F,6,17,F17,IO_L27N_1,I/O,IO_L27N_1,I/O,IO_L27N_1,I/O,1
F,6,18,F18,IO,I/O,IO,I/O,IO,I/O,1
F,6,19,F19,IO_L24P_1,I/O,IO_L24P_1,I/O,IO_L24P_1,I/O,1
F,6,20,F20,IO_L19P_1,I/O,IO_L19P_1,I/O,IO_L19P_1,I/O,1
F,6,21,F21,IO_L16N_1,I/O,IO_L16N_1,I/O,IO_L16N_1,I/O,1
F,6,22,F22,IO_L13N_1,I/O,IO_L13N_1,I/O,IO_L13N_1,I/O,1
F,6,23,F23,IO_L09N_1,I/O,IO_L09N_1,I/O,IO_L09N_1,I/O,1
F,6,24,F24,IO_L05N_1,I/O,IO_L05N_1,I/O,IO_L05N_1,I/O,1
F,6,25,F25,IO_L05P_1,I/O,IO_L05P_1,I/O,IO_L05P_1,I/O,1
F,6,26,F26,N.C.,N.C.,IO_L41P_2,I/O,IO_L41P_2,I/O,2
F,6,27,F27,VCCAUX,VCCAUX,VCCAUX,VCCAUX,VCCAUX,VCCAUX,N/A
F,6,28,F28,IO_L05N_2,I/O,IO_L05N_2,I/O,IO_L05N_2,I/O,2
F,6,29,F29,IO_L05P_2,I/O,IO_L05P_2,I/O,IO_L05P_2,I/O,2
F,6,30,F30,GND,GND,GND,GND,GND,GND,N/A
G,7,1,G1,IO_L08N_7,I/O,IO_L08N_7,I/O,IO_L08N_7,I/O,7
G,7,2,G2,IO_L08P_7,I/O,IO_L08P_7,I/O,IO_L08P_7,I/O,7
G,7,3,G3,IO_L07N_7,I/O,IO_L07N_7,I/O,IO_L07N_7,I/O,7
G,7,4,G4,IO_L07P_7,I/O,IO_L07P_7,I/O,IO_L07P_7,I/O,7
G,7,5,G5,VCCO_7,VCCO,VCCO_7,VCCO,VCCO_7,VCCO,7
G,7,6,G6,IO_L09P_7,I/O,IO_L09P_7,I/O,IO_L09P_7,I/O,7
G,7,7,G7,N.C.,N.C.,IO_L36N_0,I/O,IO_L36N_0,I/O,0
G,7,8,G8,IO,I/O,IO,I/O,IO,I/O,0
G,7,9,G9,VCCO_0,VCCO,VCCO_0,VCCO,VCCO_0,VCCO,0
G,7,10,G10,IO_L11N_0,I/O,IO_L11N_0,I/O,IO_L11N_0,I/O,0
G,7,11,G11,IO_L14P_0,I/O,IO_L14P_0,I/O,IO_L14P_0,I/O,0
G,7,12,G12,IO_L19P_0,I/O,IO_L19P_0,I/O,IO_L19P_0,I/O,0
G,7,13,G13,VCCO_0,VCCO,VCCO_0,VCCO,VCCO_0,VCCO,0
G,7,14,G14,IO_L27N_0,I/O,IO_L27N_0,I/O,IO_L27N_0,I/O,0
G,7,15,G15,IO_L30N_0,I/O,IO_L30N_0,I/O,IO_L30N_0,I/O,0
G,7,16,G16,IO_L30N_1,I/O,IO_L30N_1,I/O,IO_L30N_1,I/O,1
G,7,17,G17,IO_L27P_1,I/O,IO_L27P_1,I/O,IO_L27P_1,I/O,1
G,7,18,G18,VCCO_1,VCCO,VCCO_1,VCCO,VCCO_1,VCCO,1
G,7,19,G19,IO_L23N_1,I/O,IO_L23N_1,I/O,IO_L23N_1,I/O,1
G,7,20,G20,IO_L18N_1,I/O,IO_L18N_1,I/O,IO_L18N_1,I/O,1
G,7,21,G21,IO_L16P_1,I/O,IO_L16P_1,I/O,IO_L16P_1,I/O,1
G,7,22,G22,VCCO_1,VCCO,VCCO_1,VCCO,VCCO_1,VCCO,1
G,7,23,G23,IO_L09P_1,I/O,IO_L09P_1,I/O,IO_L09P_1,I/O,1
G,7,24,G24,IO_L08P_1,I/O,IO_L08P_1,I/O,IO_L08P_1,I/O,1
G,7,25,G25,IO_L08N_2,I/O,IO_L08N_2,I/O,IO_L08N_2,I/O,2
G,7,26,G26,VCCO_2,VCCO,VCCO_2,VCCO,VCCO_2,VCCO,2
G,7,27,G27,IO_L06N_2,I/O,IO_L06N_2,I/O,IO_L06N_2,I/O,2
G,7,28,G28,IO_L06P_2,I/O,IO_L06P_2,I/O,IO_L06P_2,I/O,2
G,7,29,G29,IO_L07N_2,I/O,IO_L07N_2,I/O,IO_L07N_2,I/O,2
G,7,30,G30,IO_L07P_2,I/O,IO_L07P_2,I/O,IO_L07P_2,I/O,2
H,8,1,H1,IO_L13N_7,I/O,IO_L13N_7,I/O,IO_L13N_7,I/O,7
H,8,2,H2,IO_L13P_7,I/O,IO_L13P_7,I/O,IO_L13P_7,I/O,7
H,8,3,H3,IO_L11N_7,I/O,IO_L11N_7,I/O,IO_L11N_7,I/O,7
H,8,4,H4,IO_L11P_7,I/O,IO_L11P_7,I/O,IO_L11P_7,I/O,7
H,8,5,H5,IO_L10N_7,I/O,IO_L10N_7,I/O,IO_L10N_7,I/O,7
H,8,6,H6,IO_L10P_7/VREF_7,VREF,IO_L10P_7/VREF_7,VREF,IO_L10P_7/VREF_7,VREF,7
H,8,7,H7,IO_L09N_7,I/O,IO_L09N_7,I/O,IO_L09N_7,I/O,7
H,8,8,H8,N.C.,N.C.,IO_L36P_0,I/O,IO_L36P_0,I/O,0
H,8,9,H9,IO_L10P_0,I/O,IO_L10P_0,I/O,IO_L10P_0,I/O,0
H,8,10,H10,GND,GND,GND,GND,GND,GND,N/A
H,8,11,H11,IO_L14N_0,I/O,IO_L14N_0,I/O,IO_L14N_0,I/O,0
H,8,12,H12,IO_L19N_0,I/O,IO_L19N_0,I/O,IO_L19N_0,I/O,0
H,8,13,H13,IO_L23P_0,I/O,IO_L23P_0,I/O,IO_L23P_0,I/O,0
H,8,14,H14,GND,GND,GND,GND,GND,GND,N/A
H,8,15,H15,IO_L29P_0,I/O,IO_L29P_0,I/O,IO_L29P_0,I/O,0
H,8,16,H16,IO_L30P_1,I/O,IO_L30P_1,I/O,IO_L30P_1,I/O,1
H,8,17,H17,GND,GND,GND,GND,GND,GND,N/A
H,8,18,H18,N.C.,N.C.,IO_L37N_1,I/O,IO_L37N_1,I/O,1
H,8,19,H19,IO_L23P_1,I/O,IO_L23P_1,I/O,IO_L23P_1,I/O,1
H,8,20,H20,IO_L18P_1,I/O,IO_L18P_1,I/O,IO_L18P_1,I/O,1
H,8,21,H21,GND,GND,GND,GND,GND,GND,N/A
H,8,22,H22,IO_L12N_1,I/O,IO_L12N_1,I/O,IO_L12N_1,I/O,1
H,8,23,H23,IO_L08N_1,I/O,IO_L08N_1,I/O,IO_L08N_1,I/O,1
H,8,24,H24,IO_L08P_2,I/O,IO_L08P_2,I/O,IO_L08P_2,I/O,2
H,8,25,H25,IO_L09N_2/VREF_2,VREF,IO_L09N_2/VREF_2,VREF,IO_L09N_2/VREF_2,VREF,2
H,8,26,H26,IO_L09P_2,I/O,IO_L09P_2,I/O,IO_L09P_2,I/O,2
H,8,27,H27,IO_L10N_2,I/O,IO_L10N_2,I/O,IO_L10N_2,I/O,2
H,8,28,H28,IO_L10P_2,I/O,IO_L10P_2,I/O,IO_L10P_2,I/O,2
H,8,29,H29,IO_L12N_2,I/O,IO_L12N_2,I/O,IO_L12N_2,I/O,2
H,8,30,H30,IO_L12P_2,I/O,IO_L12P_2,I/O,IO_L12P_2,I/O,2
J,9,1,J1,IO_L15N_7,I/O,IO_L15N_7,I/O,IO_L15N_7,I/O,7
J,9,2,J2,IO_L15P_7,I/O,IO_L15P_7,I/O,IO_L15P_7,I/O,7
J,9,3,J3,VCCO_7,VCCO,VCCO_7,VCCO,VCCO_7,VCCO,7
J,9,4,J4,IO_L14N_7,I/O,IO_L14N_7,I/O,IO_L14N_7,I/O,7
J,9,5,J5,IO_L14P_7,I/O,IO_L14P_7,I/O,IO_L14P_7,I/O,7
J,9,6,J6,IO,I/O,IO,I/O,IO,I/O,7
J,9,7,J7,VCCO_7,VCCO,VCCO_7,VCCO,VCCO_7,VCCO,7
J,9,8,J8,IO_L16P_7/VREF_7,VREF,IO_L16P_7/VREF_7,VREF,IO_L16P_7/VREF_7,VREF,7
J,9,9,J9,IO_L10N_0,I/O,IO_L10N_0,I/O,IO_L10N_0,I/O,0
J,9,10,J10,IO_L13N_0,I/O,IO_L13N_0,I/O,IO_L13N_0,I/O,0
J,9,11,J11,VCCO_0,VCCO,VCCO_0,VCCO,VCCO_0,VCCO,0
J,9,12,J12,IO_L18P_0,I/O,IO_L18P_0,I/O,IO_L18P_0,I/O,0
J,9,13,J13,IO_L23N_0,I/O,IO_L23N_0,I/O,IO_L23N_0,I/O,0
J,9,14,J14,IO_L26P_0/VREF_0,VREF,IO_L26P_0/VREF_0,VREF,IO_L26P_0/VREF_0,VREF,0
J,9,15,J15,IO_L29N_0,I/O,IO_L29N_0,I/O,IO_L29N_0,I/O,0
J,9,16,J16,IO_L29N_1,I/O,IO_L29N_1,I/O,IO_L29N_1,I/O,1
J,9,17,J17,IO/VREF_1,VREF,IO/VREF_1,VREF,IO/VREF_1,VREF,1
J,9,18,J18,N.C.,N.C.,IO_L37P_1,I/O,IO_L37P_1,I/O,1
J,9,19,J19,IO_L22N_1,I/O,IO_L22N_1,I/O,IO_L22N_1,I/O,1
J,9,20,J20,VCCO_1,VCCO,VCCO_1,VCCO,VCCO_1,VCCO,1
J,9,21,J21,IO,I/O,IO,I/O,IO,I/O,1
J,9,22,J22,IO_L12P_1,I/O,IO_L12P_1,I/O,IO_L12P_1,I/O,1
J,9,23,J23,IO_L15N_2,I/O,IO_L15N_2,I/O,IO_L15N_2,I/O,2
J,9,24,J24,VCCO_2,VCCO,VCCO_2,VCCO,VCCO_2,VCCO,2
J,9,25,J25,IO,I/O,IO,I/O,IO,I/O,2
J,9,26,J26,IO_L13N_2,I/O,IO_L13N_2,I/O,IO_L13N_2,I/O,2
J,9,27,J27,IO_L13P_2/VREF_2,VREF,IO_L13P_2/VREF_2,VREF,IO_L13P_2/VREF_2,VREF,2
J,9,28,J28,VCCO_2,VCCO,VCCO_2,VCCO,VCCO_2,VCCO,2
J,9,29,J29,IO_L14N_2,I/O,IO_L14N_2,I/O,IO_L14N_2,I/O,2
J,9,30,J30,IO_L14P_2,I/O,IO_L14P_2,I/O,IO_L14P_2,I/O,2
K,10,1,K1,GND,GND,GND,GND,GND,GND,N/A
K,10,2,K2,IO_L19N_7/VREF_7,VREF,IO_L19N_7/VREF_7,VREF,IO_L19N_7/VREF_7,VREF,7
K,10,3,K3,IO_L19P_7,I/O,IO_L19P_7,I/O,IO_L19P_7,I/O,7
K,10,4,K4,VCCAUX,VCCAUX,VCCAUX,VCCAUX,VCCAUX,VCCAUX,N/A
K,10,5,K5,GND,GND,GND,GND,GND,GND,N/A
K,10,6,K6,IO_L17N_7,I/O,IO_L17N_7,I/O,IO_L17N_7,I/O,7
K,10,7,K7,IO_L17P_7,I/O,IO_L17P_7,I/O,IO_L17P_7,I/O,7
K,10,8,K8,GND,GND,GND,GND,GND,GND,N/A
K,10,9,K9,IO_L16N_7,I/O,IO_L16N_7,I/O,IO_L16N_7,I/O,7
K,10,10,K10,IO_L20P_7,I/O,IO_L20P_7,I/O,IO_L20P_7,I/O,7
K,10,11,K11,IO_L13P_0,I/O,IO_L13P_0,I/O,IO_L13P_0,I/O,0
K,10,12,K12,IO_L18N_0,I/O,IO_L18N_0,I/O,IO_L18N_0,I/O,0
K,10,13,K13,IO,I/O,IO,I/O,IO,I/O,0
K,10,14,K14,IO_L26N_0,I/O,IO_L26N_0,I/O,IO_L26N_0,I/O,0
K,10,15,K15,IO,I/O,IO,I/O,IO,I/O,0
K,10,16,K16,IO_L29P_1,I/O,IO_L29P_1,I/O,IO_L29P_1,I/O,1
K,10,17,K17,N.C.,N.C.,IO_L40N_1,I/O,IO_L40N_1,I/O,1
K,10,18,K18,N.C.,N.C.,IO_L40P_1,I/O,IO_L40P_1,I/O,1
K,10,19,K19,IO_L22P_1,I/O,IO_L22P_1,I/O,IO_L22P_1,I/O,1
K,10,20,K20,IO,I/O,IO,I/O,IO,I/O,1
K,10,21,K21,N.C.,N.C.,IO_L46N_2,I/O,IO_L46N_2,I/O,2
K,10,22,K22,IO_L15P_2,I/O,IO_L15P_2,I/O,IO_L15P_2,I/O,2
K,10,23,K23,GND,GND,GND,GND,GND,GND,N/A
K,10,24,K24,IO_L16N_2,I/O,IO_L16N_2,I/O,IO_L16N_2,I/O,2
K,10,25,K25,IO_L16P_2,I/O,IO_L16P_2,I/O,IO_L16P_2,I/O,2
K,10,26,K26,GND,GND,GND,GND,GND,GND,N/A
K,10,27,K27,VCCAUX,VCCAUX,VCCAUX,VCCAUX,VCCAUX,VCCAUX,N/A
K,10,28,K28,N.C.,N.C.,IO_L45N_2,I/O,IO_L45N_2,I/O,2
K,10,29,K29,N.C.,N.C.,IO_L45P_2,I/O,IO_L45P_2,I/O,2
K,10,30,K30,GND,GND,GND,GND,GND,GND,N/A
L,11,1,L1,IO_L24N_7,I/O,IO_L24N_7,I/O,IO_L24N_7,I/O,7
L,11,2,L2,IO_L24P_7,I/O,IO_L24P_7,I/O,IO_L24P_7,I/O,7
L,11,3,L3,IO_L23N_7,I/O,IO_L23N_7,I/O,IO_L23N_7,I/O,7
L,11,4,L4,IO_L23P_7,I/O,IO_L23P_7,I/O,IO_L23P_7,I/O,7
L,11,5,L5,IO_L22N_7,I/O,IO_L22N_7,I/O,IO_L22N_7,I/O,7
L,11,6,L6,IO_L22P_7,I/O,IO_L22P_7,I/O,IO_L22P_7,I/O,7
L,11,7,L7,IO_L21N_7,I/O,IO_L21N_7,I/O,IO_L21N_7,I/O,7
L,11,8,L8,IO_L21P_7,I/O,IO_L21P_7,I/O,IO_L21P_7,I/O,7
L,11,9,L9,VCCO_7,VCCO,VCCO_7,VCCO,VCCO_7,VCCO,7
L,11,10,L10,IO_L20N_7,I/O,IO_L20N_7,I/O,IO_L20N_7,I/O,7
L,11,11,L11,VCCINT,VCCINT,VCCINT,VCCINT,VCCINT,VCCINT,N/A
L,11,12,L12,VCCO_0,VCCO,VCCO_0,VCCO,VCCO_0,VCCO,0
L,11,13,L13,VCCO_0,VCCO,VCCO_0,VCCO,VCCO_0,VCCO,0
L,11,14,L14,VCCO_0,VCCO,VCCO_0,VCCO,VCCO_0,VCCO,0
L,11,15,L15,VCCINT,VCCINT,VCCINT,VCCINT,VCCINT,VCCINT,N/A
L,11,16,L16,VCCINT,VCCINT,VCCINT,VCCINT,VCCINT,VCCINT,N/A
L,11,17,L17,VCCO_1,VCCO,VCCO_1,VCCO,VCCO_1,VCCO,1
L,11,18,L18,VCCO_1,VCCO,VCCO_1,VCCO,VCCO_1,VCCO,1
L,11,19,L19,VCCO_1,VCCO,VCCO_1,VCCO,VCCO_1,VCCO,1
L,11,20,L20,VCCINT,VCCINT,VCCINT,VCCINT,VCCINT,VCCINT,N/A
L,11,21,L21,N.C.,N.C.,IO_L46P_2,I/O,IO_L46P_2,I/O,2
L,11,22,L22,VCCO_2,VCCO,VCCO_2,VCCO,VCCO_2,VCCO,2
L,11,23,L23,N.C.,N.C.,IO_L47N_2,I/O,IO_L47N_2,I/O,2
L,11,24,L24,N.C.,N.C.,IO_L47P_2,I/O,IO_L47P_2,I/O,2
L,11,25,L25,IO_L19N_2,I/O,IO_L19N_2,I/O,IO_L19N_2,I/O,2
L,11,26,L26,IO_L19P_2,I/O,IO_L19P_2,I/O,IO_L19P_2,I/O,2
L,11,27,L27,IO_L20N_2,I/O,IO_L20N_2,I/O,IO_L20N_2,I/O,2
L,11,28,L28,IO_L20P_2,I/O,IO_L20P_2,I/O,IO_L20P_2,I/O,2
L,11,29,L29,IO_L21N_2,I/O,IO_L21N_2,I/O,IO_L21N_2,I/O,2
L,11,30,L30,IO_L21P_2,I/O,IO_L21P_2,I/O,IO_L21P_2,I/O,2
M,12,1,M1,IO_L27N_7,I/O,IO_L27N_7,I/O,IO_L27N_7,I/O,7
M,12,2,M2,IO_L27P_7/VREF_7,VREF,IO_L27P_7/VREF_7,VREF,IO_L27P_7/VREF_7,VREF,7
M,12,3,M3,IO_L26N_7,I/O,IO_L26N_7,I/O,IO_L26N_7,I/O,7
M,12,4,M4,IO_L26P_7,I/O,IO_L26P_7,I/O,IO_L26P_7,I/O,7
M,12,5,M5,N.C.,N.C.,IO_L49P_7,I/O,IO_L49P_7,I/O,7
M,12,6,M6,N.C.,N.C.,IO_L25N_7,I/O,IO_L25N_7,I/O,7
M,12,7,M7,N.C.,N.C.,IO_L25P_7,I/O,IO_L25P_7,I/O,7
M,12,8,M8,N.C.,N.C.,IO_L46N_7,I/O,IO_L46N_7,I/O,7
M,12,9,M9,N.C.,N.C.,IO_L46P_7,I/O,IO_L46P_7,I/O,7
M,12,10,M10,IO_L28P_7,I/O,IO_L28P_7,I/O,IO_L28P_7,I/O,7
M,12,11,M11,VCCO_7,VCCO,VCCO_7,VCCO,VCCO_7,VCCO,7
M,12,12,M12,VCCINT,VCCINT,VCCINT,VCCINT,VCCINT,VCCINT,N/A
M,12,13,M13,VCCINT,VCCINT,VCCINT,VCCINT,VCCINT,VCCINT,N/A
M,12,14,M14,VCCINT,VCCINT,VCCINT,VCCINT,VCCINT,VCCINT,N/A
M,12,15,M15,GND,GND,GND,GND,GND,GND,N/A
M,12,16,M16,GND,GND,GND,GND,GND,GND,N/A
M,12,17,M17,VCCINT,VCCINT,VCCINT,VCCINT,VCCINT,VCCINT,N/A
M,12,18,M18,VCCINT,VCCINT,VCCINT,VCCINT,VCCINT,VCCINT,N/A
M,12,19,M19,VCCINT,VCCINT,VCCINT,VCCINT,VCCINT,VCCINT,N/A
M,12,20,M20,VCCO_2,VCCO,VCCO_2,VCCO,VCCO_2,VCCO,2
M,12,21,M21,IO_L26N_2,I/O,IO_L26N_2,I/O,IO_L26N_2,I/O,2
M,12,22,M22,IO_L22N_2,I/O,IO_L22N_2,I/O,IO_L22N_2,I/O,2
M,12,23,M23,IO_L22P_2,I/O,IO_L22P_2,I/O,IO_L22P_2,I/O,2
M,12,24,M24,IO_L23N_2/VREF_2,VREF,IO_L23N_2/VREF_2,VREF,IO_L23N_2/VREF_2,VREF,2
M,12,25,M25,IO_L23P_2,I/O,IO_L23P_2,I/O,IO_L23P_2,I/O,2
M,12,26,M26,IO_L28N_2,I/O,IO_L28N_2,I/O,IO_L28N_2,I/O,2
M,12,27,M27,IO_L24N_2,I/O,IO_L24N_2,I/O,IO_L24N_2,I/O,2
M,12,28,M28,IO_L24P_2,I/O,IO_L24P_2,I/O,IO_L24P_2,I/O,2
M,12,29,M29,N.C.,N.C.,IO_L50N_2,I/O,IO_L50N_2,I/O,2
M,12,30,M30,N.C.,N.C.,IO_L50P_2,I/O,IO_L50P_2,I/O,2
N,13,1,N1,IO_L31N_7,I/O,IO_L31N_7,I/O,IO_L31N_7,I/O,7
N,13,2,N2,IO_L31P_7,I/O,IO_L31P_7,I/O,IO_L31P_7,I/O,7
N,13,3,N3,VCCO_7,VCCO,VCCO_7,VCCO,VCCO_7,VCCO,7
N,13,4,N4,N.C.,N.C.,IO_L50N_7,I/O,IO_L50N_7,I/O,7
N,13,5,N5,N.C.,N.C.,IO_L50P_7,I/O,IO_L50P_7,I/O,7
N,13,6,N6,N.C.,N.C.,IO_L49N_7,I/O,IO_L49N_7,I/O,7
N,13,7,N7,VCCO_7,VCCO,VCCO_7,VCCO,VCCO_7,VCCO,7
N,13,8,N8,IO_L29N_7,I/O,IO_L29N_7,I/O,IO_L29N_7,I/O,7
N,13,9,N9,IO_L29P_7,I/O,IO_L29P_7,I/O,IO_L29P_7,I/O,7
N,13,10,N10,IO_L28N_7,I/O,IO_L28N_7,I/O,IO_L28N_7,I/O,7
N,13,11,N11,VCCO_7,VCCO,VCCO_7,VCCO,VCCO_7,VCCO,7
N,13,12,N12,VCCINT,VCCINT,VCCINT,VCCINT,VCCINT,VCCINT,N/A
N,13,13,N13,GND,GND,GND,GND,GND,GND,N/A
N,13,14,N14,GND,GND,GND,GND,GND,GND,N/A
N,13,15,N15,GND,GND,GND,GND,GND,GND,N/A
N,13,16,N16,GND,GND,GND,GND,GND,GND,N/A
N,13,17,N17,GND,GND,GND,GND,GND,GND,N/A
N,13,18,N18,GND,GND,GND,GND,GND,GND,N/A
N,13,19,N19,VCCINT,VCCINT,VCCINT,VCCINT,VCCINT,VCCINT,N/A
N,13,20,N20,VCCO_2,VCCO,VCCO_2,VCCO,VCCO_2,VCCO,2
N,13,21,N21,IO_L26P_2,I/O,IO_L26P_2,I/O,IO_L26P_2,I/O,2
N,13,22,N22,IO_L27N_2,I/O,IO_L27N_2,I/O,IO_L27N_2,I/O,2
N,13,23,N23,IO_L27P_2,I/O,IO_L27P_2,I/O,IO_L27P_2,I/O,2
N,13,24,N24,VCCO_2,VCCO,VCCO_2,VCCO,VCCO_2,VCCO,2
N,13,25,N25,IO_L28P_2,I/O,IO_L28P_2,I/O,IO_L28P_2,I/O,2
N,13,26,N26,IO_L29N_2,I/O,IO_L29N_2,I/O,IO_L29N_2,I/O,2
N,13,27,N27,IO_L29P_2,I/O,IO_L29P_2,I/O,IO_L29P_2,I/O,2
N,13,28,N28,VCCO_2,VCCO,VCCO_2,VCCO,VCCO_2,VCCO,2
N,13,29,N29,IO_L31N_2,I/O,IO_L31N_2,I/O,IO_L31N_2,I/O,2
N,13,30,N30,IO_L31P_2,I/O,IO_L31P_2,I/O,IO_L31P_2,I/O,2
P,14,1,P1,GND,GND,GND,GND,GND,GND,N/A
P,14,2,P2,IO_L34N_7,I/O,IO_L34N_7,I/O,IO_L34N_7,I/O,7
P,14,3,P3,IO_L34P_7,I/O,IO_L34P_7,I/O,IO_L34P_7,I/O,7
P,14,4,P4,VCCAUX,VCCAUX,VCCAUX,VCCAUX,VCCAUX,VCCAUX,N/A
P,14,5,P5,GND,GND,GND,GND,GND,GND,N/A
P,14,6,P6,IO_L33N_7,I/O,IO_L33N_7,I/O,IO_L33N_7,I/O,7
P,14,7,P7,IO_L33P_7,I/O,IO_L33P_7,I/O,IO_L33P_7,I/O,7
P,14,8,P8,GND,GND,GND,GND,GND,GND,N/A
P,14,9,P9,IO_L32N_7,I/O,IO_L32N_7,I/O,IO_L32N_7,I/O,7
P,14,10,P10,IO_L32P_7,I/O,IO_L32P_7,I/O,IO_L32P_7,I/O,7
P,14,11,P11,VCCO_7,VCCO,VCCO_7,VCCO,VCCO_7,VCCO,7
P,14,12,P12,VCCINT,VCCINT,VCCINT,VCCINT,VCCINT,VCCINT,N/A
P,14,13,P13,GND,GND,GND,GND,GND,GND,N/A
P,14,14,P14,GND,GND,GND,GND,GND,GND,N/A
P,14,15,P15,GND,GND,GND,GND,GND,GND,N/A
P,14,16,P16,GND,GND,GND,GND,GND,GND,N/A
P,14,17,P17,GND,GND,GND,GND,GND,GND,N/A
P,14,18,P18,GND,GND,GND,GND,GND,GND,N/A
P,14,19,P19,VCCINT,VCCINT,VCCINT,VCCINT,VCCINT,VCCINT,N/A
P,14,20,P20,VCCO_2,VCCO,VCCO_2,VCCO,VCCO_2,VCCO,2
P,14,21,P21,IO_L32N_2,I/O,IO_L32N_2,I/O,IO_L32N_2,I/O,2
P,14,22,P22,IO_L32P_2,I/O,IO_L32P_2,I/O,IO_L32P_2,I/O,2
P,14,23,P23,GND,GND,GND,GND,GND,GND,N/A
P,14,24,P24,IO_L33N_2,I/O,IO_L33N_2,I/O,IO_L33N_2,I/O,2
P,14,25,P25,IO_L33P_2,I/O,IO_L33P_2,I/O,IO_L33P_2,I/O,2
P,14,26,P26,GND,GND,GND,GND,GND,GND,N/A
P,14,27,P27,VCCAUX,VCCAUX,VCCAUX,VCCAUX,VCCAUX,VCCAUX,N/A
P,14,28,P28,IO_L34N_2/VREF_2,VREF,IO_L34N_2/VREF_2,VREF,IO_L34N_2/VREF_2,VREF,2
P,14,29,P29,IO_L34P_2,I/O,IO_L34P_2,I/O,IO_L34P_2,I/O,2
P,14,30,P30,GND,GND,GND,GND,GND,GND,N/A
R,15,1,R1,IO_L40N_7/VREF_7,VREF,IO_L40N_7/VREF_7,VREF,IO_L40N_7/VREF_7,VREF,7
R,15,2,R2,IO_L40P_7,I/O,IO_L40P_7,I/O,IO_L40P_7,I/O,7
R,15,3,R3,IO_L39N_7,I/O,IO_L39N_7,I/O,IO_L39N_7,I/O,7
R,15,4,R4,IO_L39P_7,I/O,IO_L39P_7,I/O,IO_L39P_7,I/O,7
R,15,5,R5,IO_L38N_7,I/O,IO_L38N_7,I/O,IO_L38N_7,I/O,7
R,15,6,R6,IO_L38P_7,I/O,IO_L38P_7,I/O,IO_L38P_7,I/O,7
R,15,7,R7,IO_L37N_7,I/O,IO_L37N_7,I/O,IO_L37N_7,I/O,7
R,15,8,R8,IO_L37P_7/VREF_7,VREF,IO_L37P_7/VREF_7,VREF,IO_L37P_7/VREF_7,VREF,7
R,15,9,R9,IO_L35N_7,I/O,IO_L35N_7,I/O,IO_L35N_7,I/O,7
R,15,10,R10,IO_L35P_7,I/O,IO_L35P_7,I/O,IO_L35P_7,I/O,7
R,15,11,R11,VCCINT,VCCINT,VCCINT,VCCINT,VCCINT,VCCINT,N/A
R,15,12,R12,GND,GND,GND,GND,GND,GND,N/A
R,15,13,R13,GND,GND,GND,GND,GND,GND,N/A
R,15,14,R14,GND,GND,GND,GND,GND,GND,N/A
R,15,15,R15,GND,GND,GND,GND,GND,GND,N/A
R,15,16,R16,GND,GND,GND,GND,GND,GND,N/A
R,15,17,R17,GND,GND,GND,GND,GND,GND,N/A
R,15,18,R18,GND,GND,GND,GND,GND,GND,N/A
R,15,19,R19,GND,GND,GND,GND,GND,GND,N/A
R,15,20,R20,VCCINT,VCCINT,VCCINT,VCCINT,VCCINT,VCCINT,N/A
R,15,21,R21,IO_L35N_2,I/O,IO_L35N_2,I/O,IO_L35N_2,I/O,2
R,15,22,R22,IO_L35P_2,I/O,IO_L35P_2,I/O,IO_L35P_2,I/O,2
R,15,23,R23,IO_L37N_2,I/O,IO_L37N_2,I/O,IO_L37N_2,I/O,2
R,15,24,R24,IO_L37P_2,I/O,IO_L37P_2,I/O,IO_L37P_2,I/O,2
R,15,25,R25,IO_L38N_2,I/O,IO_L38N_2,I/O,IO_L38N_2,I/O,2
R,15,26,R26,IO_L38P_2,I/O,IO_L38P_2,I/O,IO_L38P_2,I/O,2
R,15,27,R27,IO_L39N_2,I/O,IO_L39N_2,I/O,IO_L39N_2,I/O,2
R,15,28,R28,IO_L39P_2,I/O,IO_L39P_2,I/O,IO_L39P_2,I/O,2
R,15,29,R29,IO_L40N_2,I/O,IO_L40N_2,I/O,IO_L40N_2,I/O,2
R,15,30,R30,IO_L40P_2/VREF_2,VREF,IO_L40P_2/VREF_2,VREF,IO_L40P_2/VREF_2,VREF,2
T,16,1,T1,IO_L40P_6/VREF_6,VREF,IO_L40P_6/VREF_6,VREF,IO_L40P_6/VREF_6,VREF,6
T,16,2,T2,IO_L40N_6,I/O,IO_L40N_6,I/O,IO_L40N_6,I/O,6
T,16,3,T3,IO_L39P_6,I/O,IO_L39P_6,I/O,IO_L39P_6,I/O,6
T,16,4,T4,IO_L39N_6,I/O,IO_L39N_6,I/O,IO_L39N_6,I/O,6
T,16,5,T5,IO_L38P_6,I/O,IO_L38P_6,I/O,IO_L38P_6,I/O,6
T,16,6,T6,IO_L38N_6,I/O,IO_L38N_6,I/O,IO_L38N_6,I/O,6
T,16,7,T7,N.C.,N.C.,IO_L52P_6,I/O,IO_L52P_6,I/O,6
T,16,8,T8,N.C.,N.C.,IO_L52N_6,I/O,IO_L52N_6,I/O,6
T,16,9,T9,IO_L37P_6,I/O,IO_L37P_6,I/O,IO_L37P_6,I/O,6
T,16,10,T10,IO_L37N_6,I/O,IO_L37N_6,I/O,IO_L37N_6,I/O,6
T,16,11,T11,VCCINT,VCCINT,VCCINT,VCCINT,VCCINT,VCCINT,N/A
T,16,12,T12,GND,GND,GND,GND,GND,GND,N/A
T,16,13,T13,GND,GND,GND,GND,GND,GND,N/A
T,16,14,T14,GND,GND,GND,GND,GND,GND,N/A
T,16,15,T15,GND,GND,GND,GND,GND,GND,N/A
T,16,16,T16,GND,GND,GND,GND,GND,GND,N/A
T,16,17,T17,GND,GND,GND,GND,GND,GND,N/A
T,16,18,T18,GND,GND,GND,GND,GND,GND,N/A
T,16,19,T19,GND,GND,GND,GND,GND,GND,N/A
T,16,20,T20,VCCINT,VCCINT,VCCINT,VCCINT,VCCINT,VCCINT,N/A
T,16,21,T21,IO_L35P_3,I/O,IO_L35P_3,I/O,IO_L35P_3,I/O,3
T,16,22,T22,IO_L35N_3,I/O,IO_L35N_3,I/O,IO_L35N_3,I/O,3
T,16,23,T23,IO_L37P_3,I/O,IO_L37P_3,I/O,IO_L37P_3,I/O,3
T,16,24,T24,IO_L37N_3,I/O,IO_L37N_3,I/O,IO_L37N_3,I/O,3
T,16,25,T25,IO_L38P_3,I/O,IO_L38P_3,I/O,IO_L38P_3,I/O,3
T,16,26,T26,IO_L38N_3,I/O,IO_L38N_3,I/O,IO_L38N_3,I/O,3
T,16,27,T27,IO_L39P_3,I/O,IO_L39P_3,I/O,IO_L39P_3,I/O,3
T,16,28,T28,IO_L39N_3,I/O,IO_L39N_3,I/O,IO_L39N_3,I/O,3
T,16,29,T29,IO_L40P_3,I/O,IO_L40P_3,I/O,IO_L40P_3,I/O,3
T,16,30,T30,IO_L40N_3/VREF_3,VREF,IO_L40N_3/VREF_3,VREF,IO_L40N_3/VREF_3,VREF,3
U,17,1,U1,GND,GND,GND,GND,GND,GND,N/A
U,17,2,U2,N.C.,N.C.,IO_L36P_6,I/O,IO_L36P_6,I/O,6
U,17,3,U3,N.C.,N.C.,IO_L36N_6,I/O,IO_L36N_6,I/O,6
U,17,4,U4,VCCAUX,VCCAUX,VCCAUX,VCCAUX,VCCAUX,VCCAUX,N/A
U,17,5,U5,GND,GND,GND,GND,GND,GND,N/A
U,17,6,U6,IO_L35P_6,I/O,IO_L35P_6,I/O,IO_L35P_6,I/O,6
U,17,7,U7,IO_L35N_6,I/O,IO_L35N_6,I/O,IO_L35N_6,I/O,6
U,17,8,U8,GND,GND,GND,GND,GND,GND,N/A
U,17,9,U9,IO_L34P_6,I/O,IO_L34P_6,I/O,IO_L34P_6,I/O,6
U,17,10,U10,IO_L34N_6/VREF_6,VREF,IO_L34N_6/VREF_6,VREF,IO_L34N_6/VREF_6,VREF,6
U,17,11,U11,VCCO_6,VCCO,VCCO_6,VCCO,VCCO_6,VCCO,6
U,17,12,U12,VCCINT,VCCINT,VCCINT,VCCINT,VCCINT,VCCINT,N/A
U,17,13,U13,GND,GND,GND,GND,GND,GND,N/A
U,17,14,U14,GND,GND,GND,GND,GND,GND,N/A
U,17,15,U15,GND,GND,GND,GND,GND,GND,N/A
U,17,16,U16,GND,GND,GND,GND,GND,GND,N/A
U,17,17,U17,GND,GND,GND,GND,GND,GND,N/A
U,17,18,U18,GND,GND,GND,GND,GND,GND,N/A
U,17,19,U19,VCCINT,VCCINT,VCCINT,VCCINT,VCCINT,VCCINT,N/A
U,17,20,U20,VCCO_3,VCCO,VCCO_3,VCCO,VCCO_3,VCCO,3
U,17,21,U21,IO_L32P_3,I/O,IO_L32P_3,I/O,IO_L32P_3,I/O,3
U,17,22,U22,IO_L32N_3,I/O,IO_L32N_3,I/O,IO_L32N_3,I/O,3
U,17,23,U23,GND,GND,GND,GND,GND,GND,N/A
U,17,24,U24,IO_L33P_3,I/O,IO_L33P_3,I/O,IO_L33P_3,I/O,3
U,17,25,U25,IO_L33N_3,I/O,IO_L33N_3,I/O,IO_L33N_3,I/O,3
U,17,26,U26,GND,GND,GND,GND,GND,GND,N/A
U,17,27,U27,VCCAUX,VCCAUX,VCCAUX,VCCAUX,VCCAUX,VCCAUX,N/A
U,17,28,U28,IO_L34P_3/VREF_3,VREF,IO_L34P_3/VREF_3,VREF,IO_L34P_3/VREF_3,VREF,3
U,17,29,U29,IO_L34N_3,I/O,IO_L34N_3,I/O,IO_L34N_3,I/O,3
U,17,30,U30,GND,GND,GND,GND,GND,GND,N/A
V,18,1,V1,IO_L33P_6,I/O,IO_L33P_6,I/O,IO_L33P_6,I/O,6
V,18,2,V2,IO_L33N_6,I/O,IO_L33N_6,I/O,IO_L33N_6,I/O,6
V,18,3,V3,VCCO_6,VCCO,VCCO_6,VCCO,VCCO_6,VCCO,6
V,18,4,V4,IO_L32P_6,I/O,IO_L32P_6,I/O,IO_L32P_6,I/O,6
V,18,5,V5,IO_L32N_6,I/O,IO_L32N_6,I/O,IO_L32N_6,I/O,6
V,18,6,V6,IO_L31P_6,I/O,IO_L31P_6,I/O,IO_L31P_6,I/O,6
V,18,7,V7,VCCO_6,VCCO,VCCO_6,VCCO,VCCO_6,VCCO,6
V,18,8,V8,N.C.,N.C.,IO_L30P_6,I/O,IO_L30P_6,I/O,6
V,18,9,V9,N.C.,N.C.,IO_L30N_6,I/O,IO_L30N_6,I/O,6
V,18,10,V10,IO_L29P_6,I/O,IO_L29P_6,I/O,IO_L29P_6,I/O,6
V,18,11,V11,VCCO_6,VCCO,VCCO_6,VCCO,VCCO_6,VCCO,6
V,18,12,V12,VCCINT,VCCINT,VCCINT,VCCINT,VCCINT,VCCINT,N/A
V,18,13,V13,GND,GND,GND,GND,GND,GND,N/A
V,18,14,V14,GND,GND,GND,GND,GND,GND,N/A
V,18,15,V15,GND,GND,GND,GND,GND,GND,N/A
V,18,16,V16,GND,GND,GND,GND,GND,GND,N/A
V,18,17,V17,GND,GND,GND,GND,GND,GND,N/A
V,18,18,V18,GND,GND,GND,GND,GND,GND,N/A
V,18,19,V19,VCCINT,VCCINT,VCCINT,VCCINT,VCCINT,VCCINT,N/A
V,18,20,V20,VCCO_3,VCCO,VCCO_3,VCCO,VCCO_3,VCCO,3
V,18,21,V21,IO_L27N_3,I/O,IO_L27N_3,I/O,IO_L27N_3,I/O,3
V,18,22,V22,IO_L28P_3,I/O,IO_L28P_3,I/O,IO_L28P_3,I/O,3
V,18,23,V23,IO_L28N_3,I/O,IO_L28N_3,I/O,IO_L28N_3,I/O,3
V,18,24,V24,VCCO_3,VCCO,VCCO_3,VCCO,VCCO_3,VCCO,3
V,18,25,V25,IO_L29N_3,I/O,IO_L29N_3,I/O,IO_L29N_3,I/O,3
V,18,26,V26,N.C.,N.C.,IO_L50P_3,I/O,IO_L50P_3,I/O,3
V,18,27,V27,N.C.,N.C.,IO_L50N_3,I/O,IO_L50N_3,I/O,3
V,18,28,V28,VCCO_3,VCCO,VCCO_3,VCCO,VCCO_3,VCCO,3
V,18,29,V29,IO_L31P_3,I/O,IO_L31P_3,I/O,IO_L31P_3,I/O,3
V,18,30,V30,IO_L31N_3,I/O,IO_L31N_3,I/O,IO_L31N_3,I/O,3
W,19,1,W1,IO_L28P_6,I/O,IO_L28P_6,I/O,IO_L28P_6,I/O,6
W,19,2,W2,IO_L28N_6,I/O,IO_L28N_6,I/O,IO_L28N_6,I/O,6
W,19,3,W3,IO_L27P_6,I/O,IO_L27P_6,I/O,IO_L27P_6,I/O,6
W,19,4,W4,IO_L27N_6,I/O,IO_L27N_6,I/O,IO_L27N_6,I/O,6
W,19,5,W5,IO_L31N_6,I/O,IO_L31N_6,I/O,IO_L31N_6,I/O,6
W,19,6,W6,IO_L26P_6,I/O,IO_L26P_6,I/O,IO_L26P_6,I/O,6
W,19,7,W7,IO_L26N_6,I/O,IO_L26N_6,I/O,IO_L26N_6,I/O,6
W,19,8,W8,N.C.,N.C.,IO_L25P_6,I/O,IO_L25P_6,I/O,6
W,19,9,W9,N.C.,N.C.,IO_L25N_6,I/O,IO_L25N_6,I/O,6
W,19,10,W10,IO_L29N_6,I/O,IO_L29N_6,I/O,IO_L29N_6,I/O,6
W,19,11,W11,VCCO_6,VCCO,VCCO_6,VCCO,VCCO_6,VCCO,6
W,19,12,W12,VCCINT,VCCINT,VCCINT,VCCINT,VCCINT,VCCINT,N/A
W,19,13,W13,VCCINT,VCCINT,VCCINT,VCCINT,VCCINT,VCCINT,N/A
W,19,14,W14,VCCINT,VCCINT,VCCINT,VCCINT,VCCINT,VCCINT,N/A
W,19,15,W15,GND,GND,GND,GND,GND,GND,N/A
W,19,16,W16,GND,GND,GND,GND,GND,GND,N/A
W,19,17,W17,VCCINT,VCCINT,VCCINT,VCCINT,VCCINT,VCCINT,N/A
W,19,18,W18,VCCINT,VCCINT,VCCINT,VCCINT,VCCINT,VCCINT,N/A
W,19,19,W19,VCCINT,VCCINT,VCCINT,VCCINT,VCCINT,VCCINT,N/A
W,19,20,W20,VCCO_3,VCCO,VCCO_3,VCCO,VCCO_3,VCCO,3
W,19,21,W21,IO_L27P_3,I/O,IO_L27P_3,I/O,IO_L27P_3,I/O,3
W,19,22,W22,N.C.,N.C.,IO_L46P_3,I/O,IO_L46P_3,I/O,3
W,19,23,W23,N.C.,N.C.,IO_L46N_3,I/O,IO_L46N_3,I/O,3
W,19,24,W24,N.C.,N.C.,IO_L47P_3,I/O,IO_L47P_3,I/O,3
W,19,25,W25,N.C.,N.C.,IO_L47N_3,I/O,IO_L47N_3,I/O,3
W,19,26,W26,IO_L29P_3,I/O,IO_L29P_3,I/O,IO_L29P_3,I/O,3
W,19,27,W27,N.C.,N.C.,IO_L48P_3,I/O,IO_L48P_3,I/O,3
W,19,28,W28,N.C.,N.C.,IO_L48N_3,I/O,IO_L48N_3,I/O,3
W,19,29,W29,IO_L26P_3,I/O,IO_L26P_3,I/O,IO_L26P_3,I/O,3
W,19,30,W30,IO_L26N_3,I/O,IO_L26N_3,I/O,IO_L26N_3,I/O,3
Y,20,1,Y1,IO_L24P_6,I/O,IO_L24P_6,I/O,IO_L24P_6,I/O,6
Y,20,2,Y2,IO_L24N_6/VREF_6,VREF,IO_L24N_6/VREF_6,VREF,IO_L24N_6/VREF_6,VREF,6
Y,20,3,Y3,N.C.,N.C.,IO_L45P_6,I/O,IO_L45P_6,I/O,6
Y,20,4,Y4,N.C.,N.C.,IO_L45N_6,I/O,IO_L45N_6,I/O,6
Y,20,5,Y5,IO_L22P_6,I/O,IO_L22P_6,I/O,IO_L22P_6,I/O,6
Y,20,6,Y6,IO_L22N_6,I/O,IO_L22N_6,I/O,IO_L22N_6,I/O,6
Y,20,7,Y7,IO_L21P_6,I/O,IO_L21P_6,I/O,IO_L21P_6,I/O,6
Y,20,8,Y8,IO_L21N_6,I/O,IO_L21N_6,I/O,IO_L21N_6,I/O,6
Y,20,9,Y9,VCCO_6,VCCO,VCCO_6,VCCO,VCCO_6,VCCO,6
Y,20,10,Y10,IO_L20P_6,I/O,IO_L20P_6,I/O,IO_L20P_6,I/O,6
Y,20,11,Y11,VCCINT,VCCINT,VCCINT,VCCINT,VCCINT,VCCINT,N/A
Y,20,12,Y12,VCCO_5,VCCO,VCCO_5,VCCO,VCCO_5,VCCO,5
Y,20,13,Y13,VCCO_5,VCCO,VCCO_5,VCCO,VCCO_5,VCCO,5
Y,20,14,Y14,VCCO_5,VCCO,VCCO_5,VCCO,VCCO_5,VCCO,5
Y,20,15,Y15,VCCINT,VCCINT,VCCINT,VCCINT,VCCINT,VCCINT,N/A
Y,20,16,Y16,VCCINT,VCCINT,VCCINT,VCCINT,VCCINT,VCCINT,N/A
Y,20,17,Y17,VCCO_4,VCCO,VCCO_4,VCCO,VCCO_4,VCCO,4
Y,20,18,Y18,VCCO_4,VCCO,VCCO_4,VCCO,VCCO_4,VCCO,4
Y,20,19,Y19,VCCO_4,VCCO,VCCO_4,VCCO,VCCO_4,VCCO,4
Y,20,20,Y20,VCCINT,VCCINT,VCCINT,VCCINT,VCCINT,VCCINT,N/A
Y,20,21,Y21,IO_L20N_3,I/O,IO_L20N_3,I/O,IO_L20N_3,I/O,3
Y,20,22,Y22,VCCO_3,VCCO,VCCO_3,VCCO,VCCO_3,VCCO,3
Y,20,23,Y23,IO_L21P_3,I/O,IO_L21P_3,I/O,IO_L21P_3,I/O,3
Y,20,24,Y24,IO_L21N_3,I/O,IO_L21N_3,I/O,IO_L21N_3,I/O,3
Y,20,25,Y25,IO_L22P_3,I/O,IO_L22P_3,I/O,IO_L22P_3,I/O,3
Y,20,26,Y26,IO_L22N_3,I/O,IO_L22N_3,I/O,IO_L22N_3,I/O,3
Y,20,27,Y27,IO_L23P_3/VREF_3,VREF,IO_L23P_3/VREF_3,VREF,IO_L23P_3/VREF_3,VREF,3
Y,20,28,Y28,IO_L23N_3,I/O,IO_L23N_3,I/O,IO_L23N_3,I/O,3
Y,20,29,Y29,IO_L24P_3,I/O,IO_L24P_3,I/O,IO_L24P_3,I/O,3
Y,20,30,Y30,IO_L24N_3,I/O,IO_L24N_3,I/O,IO_L24N_3,I/O,3
AA,21,1,AA1,GND,GND,GND,GND,GND,GND,N/A
AA,21,2,AA2,IO_L19P_6,I/O,IO_L19P_6,I/O,IO_L19P_6,I/O,6
AA,21,3,AA3,IO_L19N_6,I/O,IO_L19N_6,I/O,IO_L19N_6,I/O,6
AA,21,4,AA4,VCCAUX,VCCAUX,VCCAUX,VCCAUX,VCCAUX,VCCAUX,N/A
AA,21,5,AA5,GND,GND,GND,GND,GND,GND,N/A
AA,21,6,AA6,IO_L17P_6/VREF_6,VREF,IO_L17P_6/VREF_6,VREF,IO_L17P_6/VREF_6,VREF,6
AA,21,7,AA7,IO_L17N_6,I/O,IO_L17N_6,I/O,IO_L17N_6,I/O,6
AA,21,8,AA8,GND,GND,GND,GND,GND,GND,N/A
AA,21,9,AA9,IO_L16P_6,I/O,IO_L16P_6,I/O,IO_L16P_6,I/O,6
AA,21,10,AA10,IO_L20N_6,I/O,IO_L20N_6,I/O,IO_L20N_6,I/O,6
AA,21,11,AA11,IO,I/O,IO,I/O,IO,I/O,5
AA,21,12,AA12,IO_L22P_5,I/O,IO_L22P_5,I/O,IO_L22P_5,I/O,5
AA,21,13,AA13,IO_L22N_5,I/O,IO_L22N_5,I/O,IO_L22N_5,I/O,5
AA,21,14,AA14,IO_L26P_5,I/O,IO_L26P_5,I/O,IO_L26P_5,I/O,5
AA,21,15,AA15,IO,I/O,IO,I/O,IO,I/O,5
AA,21,16,AA16,IO,I/O,IO,I/O,IO,I/O,4
AA,21,17,AA17,IO_L26N_4,I/O,IO_L26N_4,I/O,IO_L26N_4,I/O,4
AA,21,18,AA18,IO,I/O,IO,I/O,IO,I/O,4
AA,21,19,AA19,IO_L18N_4,I/O,IO_L18N_4,I/O,IO_L18N_4,I/O,4
AA,21,20,AA20,IO_L13P_4,I/O,IO_L13P_4,I/O,IO_L13P_4,I/O,4
AA,21,21,AA21,IO_L20P_3,I/O,IO_L20P_3,I/O,IO_L20P_3,I/O,3
AA,21,22,AA22,IO_L16N_3,I/O,IO_L16N_3,I/O,IO_L16N_3,I/O,3
AA,21,23,AA23,GND,GND,GND,GND,GND,GND,N/A
AA,21,24,AA24,IO_L17P_3/VREF_3,VREF,IO_L17P_3/VREF_3,VREF,IO_L17P_3/VREF_3,VREF,3
AA,21,25,AA25,IO_L17N_3,I/O,IO_L17N_3,I/O,IO_L17N_3,I/O,3
AA,21,26,AA26,GND,GND,GND,GND,GND,GND,N/A
AA,21,27,AA27,VCCAUX,VCCAUX,VCCAUX,VCCAUX,VCCAUX,VCCAUX,N/A
AA,21,28,AA28,IO_L19P_3,I/O,IO_L19P_3,I/O,IO_L19P_3,I/O,3
AA,21,29,AA29,IO_L19N_3,I/O,IO_L19N_3,I/O,IO_L19N_3,I/O,3
AA,21,30,AA30,GND,GND,GND,GND,GND,GND,N/A
AB,22,1,AB1,IO_L15P_6,I/O,IO_L15P_6,I/O,IO_L15P_6,I/O,6
AB,22,2,AB2,IO_L15N_6,I/O,IO_L15N_6,I/O,IO_L15N_6,I/O,6
AB,22,3,AB3,VCCO_6,VCCO,VCCO_6,VCCO,VCCO_6,VCCO,6
AB,22,4,AB4,IO_L14P_6,I/O,IO_L14P_6,I/O,IO_L14P_6,I/O,6
AB,22,5,AB5,IO_L14N_6,I/O,IO_L14N_6,I/O,IO_L14N_6,I/O,6
AB,22,6,AB6,IO,I/O,IO,I/O,IO,I/O,6
AB,22,7,AB7,VCCO_6,VCCO,VCCO_6,VCCO,VCCO_6,VCCO,6
AB,22,8,AB8,IO_L16N_6,I/O,IO_L16N_6,I/O,IO_L16N_6,I/O,6
AB,22,9,AB9,IO_L08P_5,I/O,IO_L08P_5,I/O,IO_L08P_5,I/O,5
AB,22,10,AB10,IO,I/O,IO,I/O,IO,I/O,5
AB,22,11,AB11,VCCO_5,VCCO,VCCO_5,VCCO,VCCO_5,VCCO,5
AB,22,12,AB12,IO_L17N_5,I/O,IO_L17N_5,I/O,IO_L17N_5,I/O,5
AB,22,13,AB13,IO_L23P_5,I/O,IO_L23P_5,I/O,IO_L23P_5,I/O,5
AB,22,14,AB14,IO_L26N_5,I/O,IO_L26N_5,I/O,IO_L26N_5,I/O,5
AB,22,15,AB15,IO_L29P_5/VREF_5,VREF,IO_L29P_5/VREF_5,VREF,IO_L29P_5/VREF_5,VREF,5
AB,22,16,AB16,IO_L29N_4,I/O,IO_L29N_4,I/O,IO_L29N_4,I/O,4
AB,22,17,AB17,IO_L26P_4/VREF_4,VREF,IO_L26P_4/VREF_4,VREF,IO_L26P_4/VREF_4,VREF,4
AB,22,18,AB18,IO_L23N_4,I/O,IO_L23N_4,I/O,IO_L23N_4,I/O,4
AB,22,19,AB19,IO_L18P_4,I/O,IO_L18P_4,I/O,IO_L18P_4,I/O,4
AB,22,20,AB20,VCCO_4,VCCO,VCCO_4,VCCO,VCCO_4,VCCO,4
AB,22,21,AB21,IO_L13N_4,I/O,IO_L13N_4,I/O,IO_L13N_4,I/O,4
AB,22,22,AB22,IO_L08N_4,I/O,IO_L08N_4,I/O,IO_L08N_4,I/O,4
AB,22,23,AB23,IO_L16P_3,I/O,IO_L16P_3,I/O,IO_L16P_3,I/O,3
AB,22,24,AB24,VCCO_3,VCCO,VCCO_3,VCCO,VCCO_3,VCCO,3
AB,22,25,AB25,IO,I/O,IO,I/O,IO,I/O,3
AB,22,26,AB26,IO_L14P_3,I/O,IO_L14P_3,I/O,IO_L14P_3,I/O,3
AB,22,27,AB27,IO_L14N_3,I/O,IO_L14N_3,I/O,IO_L14N_3,I/O,3
AB,22,28,AB28,VCCO_3,VCCO,VCCO_3,VCCO,VCCO_3,VCCO,3
AB,22,29,AB29,IO_L15P_3,I/O,IO_L15P_3,I/O,IO_L15P_3,I/O,3
AB,22,30,AB30,IO_L15N_3,I/O,IO_L15N_3,I/O,IO_L15N_3,I/O,3
AC,23,1,AC1,IO_L13P_6/VREF_6,VREF,IO_L13P_6/VREF_6,VREF,IO_L13P_6/VREF_6,VREF,6
AC,23,2,AC2,IO_L13N_6,I/O,IO_L13N_6,I/O,IO_L13N_6,I/O,6
AC,23,3,AC3,IO_L11P_6,I/O,IO_L11P_6,I/O,IO_L11P_6,I/O,6
AC,23,4,AC4,IO_L11N_6,I/O,IO_L11N_6,I/O,IO_L11N_6,I/O,6
AC,23,5,AC5,IO_L10P_6,I/O,IO_L10P_6,I/O,IO_L10P_6,I/O,6
AC,23,6,AC6,IO_L10N_6,I/O,IO_L10N_6,I/O,IO_L10N_6,I/O,6
AC,23,7,AC7,IO_L09P_6,I/O,IO_L09P_6,I/O,IO_L09P_6,I/O,6
AC,23,8,AC8,N.C.,N.C.,IO_L36P_5,I/O,IO_L36P_5,I/O,5
AC,23,9,AC9,IO_L08N_5,I/O,IO_L08N_5,I/O,IO_L08N_5,I/O,5
AC,23,10,AC10,GND,GND,GND,GND,GND,GND,N/A
AC,23,11,AC11,IO_L17P_5,I/O,IO_L17P_5,I/O,IO_L17P_5,I/O,5
AC,23,12,AC12,IO_L18P_5,I/O,IO_L18P_5,I/O,IO_L18P_5,I/O,5
AC,23,13,AC13,IO_L23N_5,I/O,IO_L23N_5,I/O,IO_L23N_5,I/O,5
AC,23,14,AC14,GND,GND,GND,GND,GND,GND,N/A
AC,23,15,AC15,IO_L29N_5,I/O,IO_L29N_5,I/O,IO_L29N_5,I/O,5
AC,23,16,AC16,IO_L29P_4,I/O,IO_L29P_4,I/O,IO_L29P_4,I/O,4
AC,23,17,AC17,GND,GND,GND,GND,GND,GND,N/A
AC,23,18,AC18,IO_L23P_4,I/O,IO_L23P_4,I/O,IO_L23P_4,I/O,4
AC,23,19,AC19,IO_L19N_4,I/O,IO_L19N_4,I/O,IO_L19N_4,I/O,4
AC,23,20,AC20,IO_L14N_4,I/O,IO_L14N_4,I/O,IO_L14N_4,I/O,4
AC,23,21,AC21,GND,GND,GND,GND,GND,GND,N/A
AC,23,22,AC22,IO_L08P_4,I/O,IO_L08P_4,I/O,IO_L08P_4,I/O,4
AC,23,23,AC23,IO_L04P_4,I/O,IO_L04P_4,I/O,IO_L04P_4,I/O,4
AC,23,24,AC24,IO_L09N_3,I/O,IO_L09N_3,I/O,IO_L09N_3,I/O,3
AC,23,25,AC25,IO_L10P_3,I/O,IO_L10P_3,I/O,IO_L10P_3,I/O,3
AC,23,26,AC26,IO_L10N_3,I/O,IO_L10N_3,I/O,IO_L10N_3,I/O,3
AC,23,27,AC27,IO_L11P_3,I/O,IO_L11P_3,I/O,IO_L11P_3,I/O,3
AC,23,28,AC28,IO_L11N_3,I/O,IO_L11N_3,I/O,IO_L11N_3,I/O,3
AC,23,29,AC29,IO_L13P_3,I/O,IO_L13P_3,I/O,IO_L13P_3,I/O,3
AC,23,30,AC30,IO_L13N_3/VREF_3,VREF,IO_L13N_3/VREF_3,VREF,IO_L13N_3/VREF_3,VREF,3
AD,24,1,AD1,IO_L08P_6,I/O,IO_L08P_6,I/O,IO_L08P_6,I/O,6
AD,24,2,AD2,IO_L08N_6,I/O,IO_L08N_6,I/O,IO_L08N_6,I/O,6
AD,24,3,AD3,IO_L07P_6,I/O,IO_L07P_6,I/O,IO_L07P_6,I/O,6
AD,24,4,AD4,IO_L07N_6,I/O,IO_L07N_6,I/O,IO_L07N_6,I/O,6
AD,24,5,AD5,VCCO_6,VCCO,VCCO_6,VCCO,VCCO_6,VCCO,6
AD,24,6,AD6,IO_L09N_6/VREF_6,VREF,IO_L09N_6/VREF_6,VREF,IO_L09N_6/VREF_6,VREF,6
AD,24,7,AD7,IO_L05P_5,I/O,IO_L05P_5,I/O,IO_L05P_5,I/O,5
AD,24,8,AD8,N.C.,N.C.,IO_L36N_5,I/O,IO_L36N_5,I/O,5
AD,24,9,AD9,VCCO_5,VCCO,VCCO_5,VCCO,VCCO_5,VCCO,5
AD,24,10,AD10,IO_L13P_5,I/O,IO_L13P_5,I/O,IO_L13P_5,I/O,5
AD,24,11,AD11,IO_L13N_5,I/O,IO_L13N_5,I/O,IO_L13N_5,I/O,5
AD,24,12,AD12,IO_L18N_5,I/O,IO_L18N_5,I/O,IO_L18N_5,I/O,5
AD,24,13,AD13,VCCO_5,VCCO,VCCO_5,VCCO,VCCO_5,VCCO,5
AD,24,14,AD14,IO_L30P_5,I/O,IO_L30P_5,I/O,IO_L30P_5,I/O,5
AD,24,15,AD15,IO_L30N_5,I/O,IO_L30N_5,I/O,IO_L30N_5,I/O,5
AD,24,16,AD16,IO_L30N_4/D2,DUAL,IO_L30N_4/D2,DUAL,IO_L30N_4/D2,DUAL,4
AD,24,17,AD17,IO_L27N_4/DIN/D0,DUAL,IO_L27N_4/DIN/D0,DUAL,IO_L27N_4/DIN/D0,DUAL,4
AD,24,18,AD18,VCCO_4,VCCO,VCCO_4,VCCO,VCCO_4,VCCO,4
AD,24,19,AD19,IO_L19P_4,I/O,IO_L19P_4,I/O,IO_L19P_4,I/O,4
AD,24,20,AD20,IO_L14P_4,I/O,IO_L14P_4,I/O,IO_L14P_4,I/O,4
AD,24,21,AD21,IO_L11N_4,I/O,IO_L11N_4,I/O,IO_L11N_4,I/O,4
AD,24,22,AD22,VCCO_4,VCCO,VCCO_4,VCCO,VCCO_4,VCCO,4
AD,24,23,AD23,IO,I/O,IO,I/O,IO,I/O,4
AD,24,24,AD24,IO_L04N_4,I/O,IO_L04N_4,I/O,IO_L04N_4,I/O,4
AD,24,25,AD25,IO_L09P_3/VREF_3,VREF,IO_L09P_3/VREF_3,VREF,IO_L09P_3/VREF_3,VREF,3
AD,24,26,AD26,VCCO_3,VCCO,VCCO_3,VCCO,VCCO_3,VCCO,3
AD,24,27,AD27,IO_L07P_3,I/O,IO_L07P_3,I/O,IO_L07P_3,I/O,3
AD,24,28,AD28,IO_L07N_3,I/O,IO_L07N_3,I/O,IO_L07N_3,I/O,3
AD,24,29,AD29,IO_L08P_3,I/O,IO_L08P_3,I/O,IO_L08P_3,I/O,3
AD,24,30,AD30,IO_L08N_3,I/O,IO_L08N_3,I/O,IO_L08N_3,I/O,3
AE,25,1,AE1,GND,GND,GND,GND,GND,GND,N/A
AE,25,2,AE2,IO_L06P_6,I/O,IO_L06P_6,I/O,IO_L06P_6,I/O,6
AE,25,3,AE3,IO_L06N_6,I/O,IO_L06N_6,I/O,IO_L06N_6,I/O,6
AE,25,4,AE4,VCCAUX,VCCAUX,VCCAUX,VCCAUX,VCCAUX,VCCAUX,N/A
AE,25,5,AE5,IO_L05P_6,I/O,IO_L05P_6,I/O,IO_L05P_6,I/O,6
AE,25,6,AE6,IO,I/O,IO,I/O,IO,I/O,5
AE,25,7,AE7,IO_L05N_5,I/O,IO_L05N_5,I/O,IO_L05N_5,I/O,5
AE,25,8,AE8,N.C.,N.C.,IO_L37P_5,I/O,IO_L37P_5,I/O,5
AE,25,9,AE9,IO_L11P_5,I/O,IO_L11P_5,I/O,IO_L11P_5,I/O,5
AE,25,10,AE10,IO_L11N_5/VREF_5,VREF,IO_L11N_5/VREF_5,VREF,IO_L11N_5/VREF_5,VREF,5
AE,25,11,AE11,IO_L14P_5,I/O,IO_L14P_5,I/O,IO_L14P_5,I/O,5
AE,25,12,AE12,IO_L19P_5/VREF_5,VREF,IO_L19P_5/VREF_5,VREF,IO_L19P_5/VREF_5,VREF,5
AE,25,13,AE13,IO_L27P_5,I/O,IO_L27P_5,I/O,IO_L27P_5,I/O,5
AE,25,14,AE14,IO_L27N_5/VREF_5,VREF,IO_L27N_5/VREF_5,VREF,IO_L27N_5/VREF_5,VREF,5
AE,25,15,AE15,IO,I/O,IO,I/O,IO,I/O,5
AE,25,16,AE16,IO_L30P_4/D3,DUAL,IO_L30P_4/D3,DUAL,IO_L30P_4/D3,DUAL,4
AE,25,17,AE17,IO_L27P_4/D1,DUAL,IO_L27P_4/D1,DUAL,IO_L27P_4/D1,DUAL,4
AE,25,18,AE18,IO_L24N_4,I/O,IO_L24N_4,I/O,IO_L24N_4,I/O,4
AE,25,19,AE19,IO_L20N_4,I/O,IO_L20N_4,I/O,IO_L20N_4,I/O,4
AE,25,20,AE20,IO_L15N_4,I/O,IO_L15N_4,I/O,IO_L15N_4,I/O,4
AE,25,21,AE21,IO_L11P_4,I/O,IO_L11P_4,I/O,IO_L11P_4,I/O,4
AE,25,22,AE22,IO,I/O,IO,I/O,IO,I/O,4
AE,25,23,AE23,IO_L05N_4,I/O,IO_L05N_4,I/O,IO_L05N_4,I/O,4
AE,25,24,AE24,N.C.,N.C.,IO_L34P_4,I/O,IO_L34P_4,I/O,4
AE,25,25,AE25,N.C.,N.C.,IO_L34N_4,I/O,IO_L34N_4,I/O,4
AE,25,26,AE26,IO_L05N_3,I/O,IO_L05N_3,I/O,IO_L05N_3,I/O,3
AE,25,27,AE27,VCCAUX,VCCAUX,VCCAUX,VCCAUX,VCCAUX,VCCAUX,N/A
AE,25,28,AE28,IO_L06P_3,I/O,IO_L06P_3,I/O,IO_L06P_3,I/O,3
AE,25,29,AE29,IO_L06N_3,I/O,IO_L06N_3,I/O,IO_L06N_3,I/O,3
AE,25,30,AE30,GND,GND,GND,GND,GND,GND,N/A
AF,26,1,AF1,IO_L04P_6,I/O,IO_L04P_6,I/O,IO_L04P_6,I/O,6
AF,26,2,AF2,IO_L04N_6,I/O,IO_L04N_6,I/O,IO_L04N_6,I/O,6
AF,26,3,AF3,VCCO_6,VCCO,VCCO_6,VCCO,VCCO_6,VCCO,6
AF,26,4,AF4,IO_L05N_6,I/O,IO_L05N_6,I/O,IO_L05N_6,I/O,6
AF,26,5,AF5,GND,GND,GND,GND,GND,GND,N/A
AF,26,6,AF6,IO_L03N_5,I/O,IO_L03N_5,I/O,IO_L03N_5,I/O,5
AF,26,7,AF7,VCCO_5,VCCO,VCCO_5,VCCO,VCCO_5,VCCO,5
AF,26,8,AF8,N.C.,N.C.,IO_L37N_5,I/O,IO_L37N_5,I/O,5
AF,26,9,AF9,IO_L09P_5,I/O,IO_L09P_5,I/O,IO_L09P_5,I/O,5
AF,26,10,AF10,GND,GND,GND,GND,GND,GND,N/A
AF,26,11,AF11,IO_L14N_5,I/O,IO_L14N_5,I/O,IO_L14N_5,I/O,5
AF,26,12,AF12,IO_L19N_5,I/O,IO_L19N_5,I/O,IO_L19N_5,I/O,5
AF,26,13,AF13,IO_L24P_5,I/O,IO_L24P_5,I/O,IO_L24P_5,I/O,5
AF,26,14,AF14,GND,GND,GND,GND,GND,GND,N/A
AF,26,15,AF15,IO_L31P_5/D5,DUAL,IO_L31P_5/D5,DUAL,IO_L31P_5/D5,DUAL,5
AF,26,16,AF16,IO/VREF_4,VREF,IO/VREF_4,VREF,IO/VREF_4,VREF,4
AF,26,17,AF17,GND,GND,GND,GND,GND,GND,N/A
AF,26,18,AF18,IO_L24P_4,I/O,IO_L24P_4,I/O,IO_L24P_4,I/O,4
AF,26,19,AF19,IO_L20P_4,I/O,IO_L20P_4,I/O,IO_L20P_4,I/O,4
AF,26,20,AF20,IO_L15P_4,I/O,IO_L15P_4,I/O,IO_L15P_4,I/O,4
AF,26,21,AF21,GND,GND,GND,GND,GND,GND,N/A
AF,26,22,AF22,IO_L09N_4,I/O,IO_L09N_4,I/O,IO_L09N_4,I/O,4
AF,26,23,AF23,IO_L05P_4,I/O,IO_L05P_4,I/O,IO_L05P_4,I/O,4
AF,26,24,AF24,VCCO_4,VCCO,VCCO_4,VCCO,VCCO_4,VCCO,4
AF,26,25,AF25,IO_L03P_4,I/O,IO_L03P_4,I/O,IO_L03P_4,I/O,4
AF,26,26,AF26,GND,GND,GND,GND,GND,GND,N/A
AF,26,27,AF27,IO_L05P_3,I/O,IO_L05P_3,I/O,IO_L05P_3,I/O,3
AF,26,28,AF28,VCCO_3,VCCO,VCCO_3,VCCO,VCCO_3,VCCO,3
AF,26,29,AF29,IO_L04P_3,I/O,IO_L04P_3,I/O,IO_L04P_3,I/O,3
AF,26,30,AF30,IO_L04N_3,I/O,IO_L04N_3,I/O,IO_L04N_3,I/O,3
AG,27,1,AG1,IO_L03P_6,I/O,IO_L03P_6,I/O,IO_L03P_6,I/O,6
AG,27,2,AG2,IO_L03N_6/VREF_6,VREF,IO_L03N_6/VREF_6,VREF,IO_L03N_6/VREF_6,VREF,6
AG,27,3,AG3,IO_L02P_6,I/O,IO_L02P_6,I/O,IO_L02P_6,I/O,6
AG,27,4,AG4,IO_L02N_6,I/O,IO_L02N_6,I/O,IO_L02N_6,I/O,6
AG,27,5,AG5,IO_L03P_5,I/O,IO_L03P_5,I/O,IO_L03P_5,I/O,5
AG,27,6,AG6,VCCAUX,VCCAUX,VCCAUX,VCCAUX,VCCAUX,VCCAUX,N/A
AG,27,7,AG7,IO_L06P_5,I/O,IO_L06P_5,I/O,IO_L06P_5,I/O,5
AG,27,8,AG8,N.C.,N.C.,IO_L38P_5,I/O,IO_L38P_5,I/O,5
AG,27,9,AG9,IO_L09N_5,I/O,IO_L09N_5,I/O,IO_L09N_5,I/O,5
AG,27,10,AG10,VCCAUX,VCCAUX,VCCAUX,VCCAUX,VCCAUX,VCCAUX,N/A
AG,27,11,AG11,IO_L15P_5,I/O,IO_L15P_5,I/O,IO_L15P_5,I/O,5
AG,27,12,AG12,IO_L20P_5,I/O,IO_L20P_5,I/O,IO_L20P_5,I/O,5
AG,27,13,AG13,IO_L24N_5,I/O,IO_L24N_5,I/O,IO_L24N_5,I/O,5
AG,27,14,AG14,VCCAUX,VCCAUX,VCCAUX,VCCAUX,VCCAUX,VCCAUX,N/A
AG,27,15,AG15,IO_L31N_5/D4,DUAL,IO_L31N_5/D4,DUAL,IO_L31N_5/D4,DUAL,5
AG,27,16,AG16,IO_L31N_4/INIT_B,DUAL,IO_L31N_4/INIT_B,DUAL,IO_L31N_4/INIT_B,DUAL,4
AG,27,17,AG17,VCCAUX,VCCAUX,VCCAUX,VCCAUX,VCCAUX,VCCAUX,N/A
AG,27,18,AG18,IO,I/O,IO,I/O,IO,I/O,4
AG,27,19,AG19,IO_L21N_4,I/O,IO_L21N_4,I/O,IO_L21N_4,I/O,4
AG,27,20,AG20,IO_L16N_4,I/O,IO_L16N_4,I/O,IO_L16N_4,I/O,4
AG,27,21,AG21,VCCAUX,VCCAUX,VCCAUX,VCCAUX,VCCAUX,VCCAUX,N/A
AG,27,22,AG22,IO_L09P_4,I/O,IO_L09P_4,I/O,IO_L09P_4,I/O,4
AG,27,23,AG23,IO_L06N_4/VREF_4,VREF,IO_L06N_4/VREF_4,VREF,IO_L06N_4/VREF_4,VREF,4
AG,27,24,AG24,N.C.,N.C.,IO_L35N_4,I/O,IO_L35N_4,I/O,4
AG,27,25,AG25,VCCAUX,VCCAUX,VCCAUX,VCCAUX,VCCAUX,VCCAUX,N/A
AG,27,26,AG26,IO_L03N_4,I/O,IO_L03N_4,I/O,IO_L03N_4,I/O,4
AG,27,27,AG27,IO_L02P_3,I/O,IO_L02P_3,I/O,IO_L02P_3,I/O,3
AG,27,28,AG28,IO_L02N_3/VREF_3,VREF,IO_L02N_3/VREF_3,VREF,IO_L02N_3/VREF_3,VREF,3
AG,27,29,AG29,IO_L03P_3,I/O,IO_L03P_3,I/O,IO_L03P_3,I/O,3
AG,27,30,AG30,IO_L03N_3,I/O,IO_L03N_3,I/O,IO_L03N_3,I/O,3
AH,28,1,AH1,IO_L01P_6/VRN_6,DCI,IO_L01P_6/VRN_6,DCI,IO_L01P_6/VRN_6,DCI,6
AH,28,2,AH2,IO_L01N_6/VRP_6,DCI,IO_L01N_6/VRP_6,DCI,IO_L01N_6/VRP_6,DCI,6
AH,28,3,AH3,M1,CONFIG,M1,CONFIG,M1,CONFIG,VCCAUX
AH,28,4,AH4,IO/VREF_5,VREF,IO/VREF_5,VREF,IO/VREF_5,VREF,5
AH,28,5,AH5,VCCO_5,VCCO,VCCO_5,VCCO,VCCO_5,VCCO,5
AH,28,6,AH6,IO_L04P_5,I/O,IO_L04P_5,I/O,IO_L04P_5,I/O,5
AH,28,7,AH7,IO_L06N_5,I/O,IO_L06N_5,I/O,IO_L06N_5,I/O,5
AH,28,8,AH8,N.C.,N.C.,IO_L38N_5,I/O,IO_L38N_5,I/O,5
AH,28,9,AH9,VCCO_5,VCCO,VCCO_5,VCCO,VCCO_5,VCCO,5
AH,28,10,AH10,IO_L12P_5,I/O,IO_L12P_5,I/O,IO_L12P_5,I/O,5
AH,28,11,AH11,IO_L15N_5,I/O,IO_L15N_5,I/O,IO_L15N_5,I/O,5
AH,28,12,AH12,IO_L20N_5,I/O,IO_L20N_5,I/O,IO_L20N_5,I/O,5
AH,28,13,AH13,VCCO_5,VCCO,VCCO_5,VCCO,VCCO_5,VCCO,5
AH,28,14,AH14,IO_L28P_5/D7,DUAL,IO_L28P_5/D7,DUAL,IO_L28P_5/D7,DUAL,5
AH,28,15,AH15,IO_L32P_5/GCLK2,GCLK,IO_L32P_5/GCLK2,GCLK,IO_L32P_5/GCLK2,GCLK,5
AH,28,16,AH16,IO_L31P_4/DOUT/BUSY,DUAL,IO_L31P_4/DOUT/BUSY,DUAL,IO_L31P_4/DOUT/BUSY,DUAL,4
AH,28,17,AH17,IO_L28N_4,I/O,IO_L28N_4,I/O,IO_L28N_4,I/O,4
AH,28,18,AH18,VCCO_4,VCCO,VCCO_4,VCCO,VCCO_4,VCCO,4
AH,28,19,AH19,IO_L21P_4,I/O,IO_L21P_4,I/O,IO_L21P_4,I/O,4
AH,28,20,AH20,IO_L16P_4,I/O,IO_L16P_4,I/O,IO_L16P_4,I/O,4
AH,28,21,AH21,IO_L12N_4,I/O,IO_L12N_4,I/O,IO_L12N_4,I/O,4
AH,28,22,AH22,VCCO_4,VCCO,VCCO_4,VCCO,VCCO_4,VCCO,4
AH,28,23,AH23,IO_L06P_4,I/O,IO_L06P_4,I/O,IO_L06P_4,I/O,4
AH,28,24,AH24,N.C.,N.C.,IO_L35P_4,I/O,IO_L35P_4,I/O,4
AH,28,25,AH25,N.C.,N.C.,IO_L33N_4,I/O,IO_L33N_4,I/O,4
AH,28,26,AH26,VCCO_4,VCCO,VCCO_4,VCCO,VCCO_4,VCCO,4
AH,28,27,AH27,IO,I/O,IO,I/O,IO,I/O,4
AH,28,28,AH28,CCLK,CONFIG,CCLK,CONFIG,CCLK,CONFIG,VCCAUX
AH,28,29,AH29,IO_L01P_3/VRN_3,DCI,IO_L01P_3/VRN_3,DCI,IO_L01P_3/VRN_3,DCI,3
AH,28,30,AH30,IO_L01N_3/VRP_3,DCI,IO_L01N_3/VRP_3,DCI,IO_L01N_3/VRP_3,DCI,3
AJ,29,1,AJ1,GND,GND,GND,GND,GND,GND,N/A
AJ,29,2,AJ2,GND,GND,GND,GND,GND,GND,N/A
AJ,29,3,AJ3,M0,CONFIG,M0,CONFIG,M0,CONFIG,VCCAUX
AJ,29,4,AJ4,IO_L01P_5/CS_B,DUAL,IO_L01P_5/CS_B,DUAL,IO_L01P_5/CS_B,DUAL,5
AJ,29,5,AJ5,IO_L02P_5,I/O,IO_L02P_5,I/O,IO_L02P_5,I/O,5
AJ,29,6,AJ6,IO_L04N_5,I/O,IO_L04N_5,I/O,IO_L04N_5,I/O,5
AJ,29,7,AJ7,N.C.,N.C.,IO_L35P_5,I/O,IO_L35P_5,I/O,5
AJ,29,8,AJ8,IO_L07P_5,I/O,IO_L07P_5,I/O,IO_L07P_5,I/O,5
AJ,29,9,AJ9,IO_L10P_5/VRN_5,DCI,IO_L10P_5/VRN_5,DCI,IO_L10P_5/VRN_5,DCI,5
AJ,29,10,AJ10,IO_L12N_5,I/O,IO_L12N_5,I/O,IO_L12N_5,I/O,5
AJ,29,11,AJ11,IO_L16P_5,I/O,IO_L16P_5,I/O,IO_L16P_5,I/O,5
AJ,29,12,AJ12,IO_L21P_5,I/O,IO_L21P_5,I/O,IO_L21P_5,I/O,5
AJ,29,13,AJ13,IO_L25P_5,I/O,IO_L25P_5,I/O,IO_L25P_5,I/O,5
AJ,29,14,AJ14,IO_L28N_5/D6,DUAL,IO_L28N_5/D6,DUAL,IO_L28N_5/D6,DUAL,5
AJ,29,15,AJ15,IO_L32N_5/GCLK3,GCLK,IO_L32N_5/GCLK3,GCLK,IO_L32N_5/GCLK3,GCLK,5
AJ,29,16,AJ16,IO_L32N_4/GCLK1,GCLK,IO_L32N_4/GCLK1,GCLK,IO_L32N_4/GCLK1,GCLK,4
AJ,29,17,AJ17,IO_L28P_4,I/O,IO_L28P_4,I/O,IO_L28P_4,I/O,4
AJ,29,18,AJ18,IO_L25N_4,I/O,IO_L25N_4,I/O,IO_L25N_4,I/O,4
AJ,29,19,AJ19,IO_L22N_4/VREF_4,VREF,IO_L22N_4/VREF_4,VREF,IO_L22N_4/VREF_4,VREF,4
AJ,29,20,AJ20,IO_L17N_4,I/O,IO_L17N_4,I/O,IO_L17N_4,I/O,4
AJ,29,21,AJ21,IO_L12P_4,I/O,IO_L12P_4,I/O,IO_L12P_4,I/O,4
AJ,29,22,AJ22,IO_L10N_4,I/O,IO_L10N_4,I/O,IO_L10N_4,I/O,4
AJ,29,23,AJ23,IO_L07N_4,I/O,IO_L07N_4,I/O,IO_L07N_4,I/O,4
AJ,29,24,AJ24,N.C.,N.C.,IO_L38N_4,I/O,IO_L38N_4,I/O,4
AJ,29,25,AJ25,N.C.,N.C.,IO_L33P_4,I/O,IO_L33P_4,I/O,4
AJ,29,26,AJ26,IO_L02N_4,I/O,IO_L02N_4,I/O,IO_L02N_4,I/O,4
AJ,29,27,AJ27,IO_L01N_4/VRP_4,DCI,IO_L01N_4/VRP_4,DCI,IO_L01N_4/VRP_4,DCI,4
AJ,29,28,AJ28,DONE,CONFIG,DONE,CONFIG,DONE,CONFIG,VCCAUX
AJ,29,29,AJ29,GND,GND,GND,GND,GND,GND,N/A
AJ,29,30,AJ30,GND,GND,GND,GND,GND,GND,N/A
AK,30,1,AK1,GND,GND,GND,GND,GND,GND,N/A
AK,30,2,AK2,GND,GND,GND,GND,GND,GND,N/A
AK,30,3,AK3,M2,CONFIG,M2,CONFIG,M2,CONFIG,VCCAUX
AK,30,4,AK4,IO_L01N_5/RDWR_B,DUAL,IO_L01N_5/RDWR_B,DUAL,IO_L01N_5/RDWR_B,DUAL,5
AK,30,5,AK5,IO_L02N_5,I/O,IO_L02N_5,I/O,IO_L02N_5,I/O,5
AK,30,6,AK6,GND,GND,GND,GND,GND,GND,N/A
AK,30,7,AK7,N.C.,N.C.,IO_L35N_5,I/O,IO_L35N_5,I/O,5
AK,30,8,AK8,IO_L07N_5,I/O,IO_L07N_5,I/O,IO_L07N_5,I/O,5
AK,30,9,AK9,IO_L10N_5/VRP_5,DCI,IO_L10N_5/VRP_5,DCI,IO_L10N_5/VRP_5,DCI,5
AK,30,10,AK10,GND,GND,GND,GND,GND,GND,N/A
AK,30,11,AK11,IO_L16N_5,I/O,IO_L16N_5,I/O,IO_L16N_5,I/O,5
AK,30,12,AK12,IO_L21N_5,I/O,IO_L21N_5,I/O,IO_L21N_5,I/O,5
AK,30,13,AK13,IO_L25N_5,I/O,IO_L25N_5,I/O,IO_L25N_5,I/O,5
AK,30,14,AK14,GND,GND,GND,GND,GND,GND,N/A
AK,30,15,AK15,IO/VREF_5,VREF,IO/VREF_5,VREF,IO/VREF_5,VREF,5
AK,30,16,AK16,IO_L32P_4/GCLK0,GCLK,IO_L32P_4/GCLK0,GCLK,IO_L32P_4/GCLK0,GCLK,4
AK,30,17,AK17,GND,GND,GND,GND,GND,GND,N/A
AK,30,18,AK18,IO_L25P_4,I/O,IO_L25P_4,I/O,IO_L25P_4,I/O,4
AK,30,19,AK19,IO_L22P_4,I/O,IO_L22P_4,I/O,IO_L22P_4,I/O,4
AK,30,20,AK20,IO_L17P_4,I/O,IO_L17P_4,I/O,IO_L17P_4,I/O,4
AK,30,21,AK21,GND,GND,GND,GND,GND,GND,N/A
AK,30,22,AK22,IO_L10P_4,I/O,IO_L10P_4,I/O,IO_L10P_4,I/O,4
AK,30,23,AK23,IO_L07P_4,I/O,IO_L07P_4,I/O,IO_L07P_4,I/O,4
AK,30,24,AK24,N.C.,N.C.,IO_L38P_4,I/O,IO_L38P_4,I/O,4
AK,30,25,AK25,GND,GND,GND,GND,GND,GND,N/A
AK,30,26,AK26,IO_L02P_4,I/O,IO_L02P_4,I/O,IO_L02P_4,I/O,4
AK,30,27,AK27,IO_L01P_4/VRN_4,DCI,IO_L01P_4/VRN_4,DCI,IO_L01P_4/VRN_4,DCI,4
AK,30,28,AK28,IO/VREF_4,VREF,IO/VREF_4,VREF,IO/VREF_4,VREF,4
AK,30,29,AK29,GND,GND,GND,GND,GND,GND,N/A
AK,30,30,AK30,GND,GND,GND,GND,GND,GND,N/A
