SORT_ROW,SORT_COLUMN,PIN_NUMBER,XC3S200,XC3S200_TYPE,XC3S400,XC3S400_TYPE,XC3S1000,XC3S1000_TYPE,BANK
A,1,A1,GND,GND,GND,GND,GND,GND,N/A
A,2,A2,TDI,JTAG,TDI,JTAG,TDI,JTAG,VCCAUX
A,3,A3,IO/VREF_0,VREF,IO/VREF_0,VREF,IO/VREF_0,VREF,0
A,4,A4,IO_L01P_0/VRN_0,DCI,IO_L01P_0/VRN_0,DCI,IO_L01P_0/VRN_0,DCI,0
A,5,A5,IO,I/O,IO,I/O,IO,I/O,0
A,6,A6,VCCAUX,VCCAUX,VCCAUX,VCCAUX,VCCAUX,VCCAUX,N/A
A,7,A7,IO,I/O,IO,I/O,IO,I/O,0
A,8,A8,IO_L32P_0/GCLK6,GCLK,IO_L32P_0/GCLK6,GCLK,IO_L32P_0/GCLK6,GCLK,0
A,9,A9,IO,I/O,IO,I/O,IO,I/O,1
A,10,A10,IO_L31N_1/VREF_1,VREF,IO_L31N_1/VREF_1,VREF,IO_L31N_1/VREF_1,VREF,1
A,11,A11,VCCAUX,VCCAUX,VCCAUX,VCCAUX,VCCAUX,VCCAUX,N/A
A,12,A12,IO,I/O,IO,I/O,IO,I/O,1
A,13,A13,IO_L10N_1/VREF_1,VREF,IO_L10N_1/VREF_1,VREF,IO_L10N_1/VREF_1,VREF,1
A,14,A14,IO_L01N_1/VRP_1,DCI,IO_L01N_1/VRP_1,DCI,IO_L01N_1/VRP_1,DCI,1
A,15,A15,TDO,JTAG,TDO,JTAG,TDO,JTAG,VCCAUX
A,16,A16,GND,GND,GND,GND,GND,GND,N/A
B,1,B1,IO_L01P_7/VRN_7,DCI,IO_L01P_7/VRN_7,DCI,IO_L01P_7/VRN_7,DCI,7
B,2,B2,GND,GND,GND,GND,GND,GND,N/A
B,3,B3,PROG_B,CONFIG,PROG_B,CONFIG,PROG_B,CONFIG,VCCAUX
B,4,B4,IO_L01N_0/VRP_0,DCI,IO_L01N_0/VRP_0,DCI,IO_L01N_0/VRP_0,DCI,0
B,5,B5,IO_L25P_0,I/O,IO_L25P_0,I/O,IO_L25P_0,I/O,0
B,6,B6,IO_L28P_0,I/O,IO_L28P_0,I/O,IO_L28P_0,I/O,0
B,7,B7,IO_L30P_0,I/O,IO_L30P_0,I/O,IO_L30P_0,I/O,0
B,8,B8,IO_L32N_0/GCLK7,GCLK,IO_L32N_0/GCLK7,GCLK,IO_L32N_0/GCLK7,GCLK,0
B,9,B9,GND,GND,GND,GND,GND,GND,N/A
B,10,B10,IO_L31P_1,I/O,IO_L31P_1,I/O,IO_L31P_1,I/O,1
B,11,B11,IO_L29N_1,I/O,IO_L29N_1,I/O,IO_L29N_1,I/O,1
B,12,B12,IO_L27N_1,I/O,IO_L27N_1,I/O,IO_L27N_1,I/O,1
B,13,B13,IO_L10P_1,I/O,IO_L10P_1,I/O,IO_L10P_1,I/O,1
B,14,B14,IO_L01P_1/VRN_1,DCI,IO_L01P_1/VRN_1,DCI,IO_L01P_1/VRN_1,DCI,1
B,15,B15,GND,GND,GND,GND,GND,GND,N/A
B,16,B16,IO_L01N_2/VRP_2,DCI,IO_L01N_2/VRP_2,DCI,IO_L01N_2/VRP_2,DCI,2
C,1,C1,IO_L01N_7/VRP_7,DCI,IO_L01N_7/VRP_7,DCI,IO_L01N_7/VRP_7,DCI,7
C,2,C2,IO_L16N_7,I/O,IO_L16N_7,I/O,IO_L16N_7,I/O,7
C,3,C3,IO_L16P_7/VREF_7,VREF,IO_L16P_7/VREF_7,VREF,IO_L16P_7/VREF_7,VREF,7
C,4,C4,HSWAP_EN,CONFIG,HSWAP_EN,CONFIG,HSWAP_EN,CONFIG,VCCAUX
C,5,C5,IO_L25N_0,I/O,IO_L25N_0,I/O,IO_L25N_0,I/O,0
C,6,C6,IO_L28N_0,I/O,IO_L28N_0,I/O,IO_L28N_0,I/O,0
C,7,C7,IO_L30N_0,I/O,IO_L30N_0,I/O,IO_L30N_0,I/O,0
C,8,C8,IO_L31P_0/VREF_0,VREF,IO_L31P_0/VREF_0,VREF,IO_L31P_0/VREF_0,VREF,0
C,9,C9,IO_L32N_1/GCLK5,GCLK,IO_L32N_1/GCLK5,GCLK,IO_L32N_1/GCLK5,GCLK,1
C,10,C10,IO,I/O,IO,I/O,IO,I/O,1
C,11,C11,IO_L29P_1,I/O,IO_L29P_1,I/O,IO_L29P_1,I/O,1
C,12,C12,IO_L27P_1,I/O,IO_L27P_1,I/O,IO_L27P_1,I/O,1
C,13,C13,TMS,JTAG,TMS,JTAG,TMS,JTAG,VCCAUX
C,14,C14,TCK,JTAG,TCK,JTAG,TCK,JTAG,VCCAUX
C,15,C15,IO_L16N_2,I/O,IO_L16N_2,I/O,IO_L16N_2,I/O,2
C,16,C16,IO_L01P_2/VRN_2,DCI,IO_L01P_2/VRN_2,DCI,IO_L01P_2/VRN_2,DCI,2
D,1,D1,IO_L17N_7,I/O,IO_L17N_7,I/O,IO_L17N_7,I/O,7
D,2,D2,IO_L17P_7,I/O,IO_L17P_7,I/O,IO_L17P_7,I/O,7
D,3,D3,IO_L19P_7,I/O,IO_L19P_7,I/O,IO_L19P_7,I/O,7
D,4,D4,VCCINT,VCCINT,VCCINT,VCCINT,VCCINT,VCCINT,N/A
D,5,D5,IO/VREF_0,VREF,IO/VREF_0,VREF,IO/VREF_0,VREF,0
D,6,D6,IO_L27P_0,I/O,IO_L27P_0,I/O,IO_L27P_0,I/O,0
D,7,D7,IO_L29P_0,I/O,IO_L29P_0,I/O,IO_L29P_0,I/O,0
D,8,D8,IO_L31N_0,I/O,IO_L31N_0,I/O,IO_L31N_0,I/O,0
D,9,D9,IO_L32P_1/GCLK4,GCLK,IO_L32P_1/GCLK4,GCLK,IO_L32P_1/GCLK4,GCLK,1
D,10,D10,IO_L30N_1,I/O,IO_L30N_1,I/O,IO_L30N_1,I/O,1
D,11,D11,IO_L28N_1,I/O,IO_L28N_1,I/O,IO_L28N_1,I/O,1
D,12,D12,IO/VREF_1,VREF,IO/VREF_1,VREF,IO/VREF_1,VREF,1
D,13,D13,VCCINT,VCCINT,VCCINT,VCCINT,VCCINT,VCCINT,N/A
D,14,D14,IO_L16P_2,I/O,IO_L16P_2,I/O,IO_L16P_2,I/O,2
D,15,D15,IO_L17N_2,I/O,IO_L17N_2,I/O,IO_L17N_2,I/O,2
D,16,D16,IO_L17P_2/VREF_2,VREF,IO_L17P_2/VREF_2,VREF,IO_L17P_2/VREF_2,VREF,2
E,1,E1,IO_L20N_7,I/O,IO_L20N_7,I/O,IO_L20N_7,I/O,7
E,2,E2,IO_L20P_7,I/O,IO_L20P_7,I/O,IO_L20P_7,I/O,7
E,3,E3,IO_L19N_7/VREF_7,VREF,IO_L19N_7/VREF_7,VREF,IO_L19N_7/VREF_7,VREF,7
E,4,E4,IO_L21P_7,I/O,IO_L21P_7,I/O,IO_L21P_7,I/O,7
E,5,E5,VCCINT,VCCINT,VCCINT,VCCINT,VCCINT,VCCINT,N/A
E,6,E6,IO_L27N_0,I/O,IO_L27N_0,I/O,IO_L27N_0,I/O,0
E,7,E7,IO_L29N_0,I/O,IO_L29N_0,I/O,IO_L29N_0,I/O,0
E,8,E8,VCCO_0,VCCO,VCCO_0,VCCO,VCCO_0,VCCO,0
E,9,E9,VCCO_1,VCCO,VCCO_1,VCCO,VCCO_1,VCCO,1
E,10,E10,IO_L30P_1,I/O,IO_L30P_1,I/O,IO_L30P_1,I/O,1
E,11,E11,IO_L28P_1,I/O,IO_L28P_1,I/O,IO_L28P_1,I/O,1
E,12,E12,VCCINT,VCCINT,VCCINT,VCCINT,VCCINT,VCCINT,N/A
E,13,E13,IO_L19N_2,I/O,IO_L19N_2,I/O,IO_L19N_2,I/O,2
E,14,E14,IO_L19P_2,I/O,IO_L19P_2,I/O,IO_L19P_2,I/O,2
E,15,E15,IO_L20N_2,I/O,IO_L20N_2,I/O,IO_L20N_2,I/O,2
E,16,E16,IO_L20P_2,I/O,IO_L20P_2,I/O,IO_L20P_2,I/O,2
F,1,F1,VCCAUX,VCCAUX,VCCAUX,VCCAUX,VCCAUX,VCCAUX,N/A
F,2,F2,IO_L22N_7,I/O,IO_L22N_7,I/O,IO_L22N_7,I/O,7
F,3,F3,IO_L22P_7,I/O,IO_L22P_7,I/O,IO_L22P_7,I/O,7
F,4,F4,IO_L21N_7,I/O,IO_L21N_7,I/O,IO_L21N_7,I/O,7
F,5,F5,IO_L23P_7,I/O,IO_L23P_7,I/O,IO_L23P_7,I/O,7
F,6,F6,GND,GND,GND,GND,GND,GND,N/A
F,7,F7,VCCO_0,VCCO,VCCO_0,VCCO,VCCO_0,VCCO,0
F,8,F8,VCCO_0,VCCO,VCCO_0,VCCO,VCCO_0,VCCO,0
F,9,F9,VCCO_1,VCCO,VCCO_1,VCCO,VCCO_1,VCCO,1
F,10,F10,VCCO_1,VCCO,VCCO_1,VCCO,VCCO_1,VCCO,1
F,11,F11,GND,GND,GND,GND,GND,GND,N/A
F,12,F12,IO_L21N_2,I/O,IO_L21N_2,I/O,IO_L21N_2,I/O,2
F,13,F13,IO_L21P_2,I/O,IO_L21P_2,I/O,IO_L21P_2,I/O,2
F,14,F14,IO_L22N_2,I/O,IO_L22N_2,I/O,IO_L22N_2,I/O,2
F,15,F15,IO_L22P_2,I/O,IO_L22P_2,I/O,IO_L22P_2,I/O,2
F,16,F16,VCCAUX,VCCAUX,VCCAUX,VCCAUX,VCCAUX,VCCAUX,N/A
G,1,G1,IO_L40P_7,I/O,IO_L40P_7,I/O,IO_L40P_7,I/O,7
G,2,G2,IO,I/O,IO,I/O,IO,I/O,7
G,3,G3,IO_L24N_7,I/O,IO_L24N_7,I/O,IO_L24N_7,I/O,7
G,4,G4,IO_L24P_7,I/O,IO_L24P_7,I/O,IO_L24P_7,I/O,7
G,5,G5,IO_L23N_7,I/O,IO_L23N_7,I/O,IO_L23N_7,I/O,7
G,6,G6,VCCO_7,VCCO,VCCO_7,VCCO,VCCO_7,VCCO,7
G,7,G7,GND,GND,GND,GND,GND,GND,N/A
G,8,G8,GND,GND,GND,GND,GND,GND,N/A
G,9,G9,GND,GND,GND,GND,GND,GND,N/A
G,10,G10,GND,GND,GND,GND,GND,GND,N/A
G,11,G11,VCCO_2,VCCO,VCCO_2,VCCO,VCCO_2,VCCO,2
G,12,G12,IO_L23N_2/VREF_2,VREF,IO_L23N_2/VREF_2,VREF,IO_L23N_2/VREF_2,VREF,2
G,13,G13,IO_L23P_2,I/O,IO_L23P_2,I/O,IO_L23P_2,I/O,2
G,14,G14,IO_L24N_2,I/O,IO_L24N_2,I/O,IO_L24N_2,I/O,2
G,15,G15,IO_L24P_2,I/O,IO_L24P_2,I/O,IO_L24P_2,I/O,2
G,16,G16,IO,I/O,IO,I/O,IO,I/O,2
H,1,H1,IO_L40N_7/VREF_7,VREF,IO_L40N_7/VREF_7,VREF,IO_L40N_7/VREF_7,VREF,7
H,2,H2,GND,GND,GND,GND,GND,GND,N/A
H,3,H3,IO_L39N_7,I/O,IO_L39N_7,I/O,IO_L39N_7,I/O,7
H,4,H4,IO_L39P_7,I/O,IO_L39P_7,I/O,IO_L39P_7,I/O,7
H,5,H5,VCCO_7,VCCO,VCCO_7,VCCO,VCCO_7,VCCO,7
H,6,H6,VCCO_7,VCCO,VCCO_7,VCCO,VCCO_7,VCCO,7
H,7,H7,GND,GND,GND,GND,GND,GND,N/A
H,8,H8,GND,GND,GND,GND,GND,GND,N/A
H,9,H9,GND,GND,GND,GND,GND,GND,N/A
H,10,H10,GND,GND,GND,GND,GND,GND,N/A
H,11,H11,VCCO_2,VCCO,VCCO_2,VCCO,VCCO_2,VCCO,2
H,12,H12,VCCO_2,VCCO,VCCO_2,VCCO,VCCO_2,VCCO,2
H,13,H13,IO_L39N_2,I/O,IO_L39N_2,I/O,IO_L39N_2,I/O,2
H,14,H14,IO_L39P_2,I/O,IO_L39P_2,I/O,IO_L39P_2,I/O,2
H,15,H15,IO_L40N_2,I/O,IO_L40N_2,I/O,IO_L40N_2,I/O,2
H,16,H16,IO_L40P_2/VREF_2,VREF,IO_L40P_2/VREF_2,VREF,IO_L40P_2/VREF_2,VREF,2
J,1,J1,IO_L40P_6/VREF_6,VREF,IO_L40P_6/VREF_6,VREF,IO_L40P_6/VREF_6,VREF,6
J,2,J2,IO_L40N_6,I/O,IO_L40N_6,I/O,IO_L40N_6,I/O,6
J,3,J3,IO_L39P_6,I/O,IO_L39P_6,I/O,IO_L39P_6,I/O,6
J,4,J4,IO_L39N_6,I/O,IO_L39N_6,I/O,IO_L39N_6,I/O,6
J,5,J5,VCCO_6,VCCO,VCCO_6,VCCO,VCCO_6,VCCO,6
J,6,J6,VCCO_6,VCCO,VCCO_6,VCCO,VCCO_6,VCCO,6
J,7,J7,GND,GND,GND,GND,GND,GND,N/A
J,8,J8,GND,GND,GND,GND,GND,GND,N/A
J,9,J9,GND,GND,GND,GND,GND,GND,N/A
J,10,J10,GND,GND,GND,GND,GND,GND,N/A
J,11,J11,VCCO_3,VCCO,VCCO_3,VCCO,VCCO_3,VCCO,3
J,12,J12,VCCO_3,VCCO,VCCO_3,VCCO,VCCO_3,VCCO,3
J,13,J13,IO_L39P_3,I/O,IO_L39P_3,I/O,IO_L39P_3,I/O,3
J,14,J14,IO_L39N_3,I/O,IO_L39N_3,I/O,IO_L39N_3,I/O,3
J,15,J15,GND,GND,GND,GND,GND,GND,N/A
J,16,J16,IO_L40N_3/VREF_3,VREF,IO_L40N_3/VREF_3,VREF,IO_L40N_3/VREF_3,VREF,3
K,1,K1,IO,I/O,IO,I/O,IO,I/O,6
K,2,K2,IO_L24P_6,I/O,IO_L24P_6,I/O,IO_L24P_6,I/O,6
K,3,K3,IO_L24N_6/VREF_6,VREF,IO_L24N_6/VREF_6,VREF,IO_L24N_6/VREF_6,VREF,6
K,4,K4,IO_L23P_6,I/O,IO_L23P_6,I/O,IO_L23P_6,I/O,6
K,5,K5,IO_L23N_6,I/O,IO_L23N_6,I/O,IO_L23N_6,I/O,6
K,6,K6,VCCO_6,VCCO,VCCO_6,VCCO,VCCO_6,VCCO,6
K,7,K7,GND,GND,GND,GND,GND,GND,N/A
K,8,K8,GND,GND,GND,GND,GND,GND,N/A
K,9,K9,GND,GND,GND,GND,GND,GND,N/A
K,10,K10,GND,GND,GND,GND,GND,GND,N/A
K,11,K11,VCCO_3,VCCO,VCCO_3,VCCO,VCCO_3,VCCO,3
K,12,K12,IO_L23N_3,I/O,IO_L23N_3,I/O,IO_L23N_3,I/O,3
K,13,K13,IO_L24P_3,I/O,IO_L24P_3,I/O,IO_L24P_3,I/O,3
K,14,K14,IO_L24N_3,I/O,IO_L24N_3,I/O,IO_L24N_3,I/O,3
K,15,K15,IO,I/O,IO,I/O,IO,I/O,3
K,16,K16,IO_L40P_3,I/O,IO_L40P_3,I/O,IO_L40P_3,I/O,3
L,1,L1,VCCAUX,VCCAUX,VCCAUX,VCCAUX,VCCAUX,VCCAUX,N/A
L,2,L2,IO_L22P_6,I/O,IO_L22P_6,I/O,IO_L22P_6,I/O,6
L,3,L3,IO_L22N_6,I/O,IO_L22N_6,I/O,IO_L22N_6,I/O,6
L,4,L4,IO_L21P_6,I/O,IO_L21P_6,I/O,IO_L21P_6,I/O,6
L,5,L5,IO_L21N_6,I/O,IO_L21N_6,I/O,IO_L21N_6,I/O,6
L,6,L6,GND,GND,GND,GND,GND,GND,N/A
L,7,L7,VCCO_5,VCCO,VCCO_5,VCCO,VCCO_5,VCCO,5
L,8,L8,VCCO_5,VCCO,VCCO_5,VCCO,VCCO_5,VCCO,5
L,9,L9,VCCO_4,VCCO,VCCO_4,VCCO,VCCO_4,VCCO,4
L,10,L10,VCCO_4,VCCO,VCCO_4,VCCO,VCCO_4,VCCO,4
L,11,L11,GND,GND,GND,GND,GND,GND,N/A
L,12,L12,IO_L23P_3/VREF_3,VREF,IO_L23P_3/VREF_3,VREF,IO_L23P_3/VREF_3,VREF,3
L,13,L13,IO_L21N_3,I/O,IO_L21N_3,I/O,IO_L21N_3,I/O,3
L,14,L14,IO_L22P_3,I/O,IO_L22P_3,I/O,IO_L22P_3,I/O,3
L,15,L15,IO_L22N_3,I/O,IO_L22N_3,I/O,IO_L22N_3,I/O,3
L,16,L16,VCCAUX,VCCAUX,VCCAUX,VCCAUX,VCCAUX,VCCAUX,N/A
M,1,M1,IO_L20P_6,I/O,IO_L20P_6,I/O,IO_L20P_6,I/O,6
M,2,M2,IO_L20N_6,I/O,IO_L20N_6,I/O,IO_L20N_6,I/O,6
M,3,M3,IO_L19P_6,I/O,IO_L19P_6,I/O,IO_L19P_6,I/O,6
M,4,M4,IO_L19N_6,I/O,IO_L19N_6,I/O,IO_L19N_6,I/O,6
M,5,M5,VCCINT,VCCINT,VCCINT,VCCINT,VCCINT,VCCINT,N/A
M,6,M6,IO_L28P_5/D7,DUAL,IO_L28P_5/D7,DUAL,IO_L28P_5/D7,DUAL,5
M,7,M7,IO_L30P_5,I/O,IO_L30P_5,I/O,IO_L30P_5,I/O,5
M,8,M8,VCCO_5,VCCO,VCCO_5,VCCO,VCCO_5,VCCO,5
M,9,M9,VCCO_4,VCCO,VCCO_4,VCCO,VCCO_4,VCCO,4
M,10,M10,IO_L29N_4,I/O,IO_L29N_4,I/O,IO_L29N_4,I/O,4
M,11,M11,IO_L27N_4/DIN/D0,DUAL,IO_L27N_4/DIN/D0,DUAL,IO_L27N_4/DIN/D0,DUAL,4
M,12,M12,VCCINT,VCCINT,VCCINT,VCCINT,VCCINT,VCCINT,N/A
M,13,M13,IO_L21P_3,I/O,IO_L21P_3,I/O,IO_L21P_3,I/O,3
M,14,M14,IO_L19N_3,I/O,IO_L19N_3,I/O,IO_L19N_3,I/O,3
M,15,M15,IO_L20P_3,I/O,IO_L20P_3,I/O,IO_L20P_3,I/O,3
M,16,M16,IO_L20N_3,I/O,IO_L20N_3,I/O,IO_L20N_3,I/O,3
N,1,N1,IO_L17P_6/VREF_6,VREF,IO_L17P_6/VREF_6,VREF,IO_L17P_6/VREF_6,VREF,6
N,2,N2,IO_L17N_6,I/O,IO_L17N_6,I/O,IO_L17N_6,I/O,6
N,3,N3,IO_L16P_6,I/O,IO_L16P_6,I/O,IO_L16P_6,I/O,6
N,4,N4,VCCINT,VCCINT,VCCINT,VCCINT,VCCINT,VCCINT,N/A
N,5,N5,IO,I/O,IO,I/O,IO,I/O,5
N,6,N6,IO_L28N_5/D6,DUAL,IO_L28N_5/D6,DUAL,IO_L28N_5/D6,DUAL,5
N,7,N7,IO_L30N_5,I/O,IO_L30N_5,I/O,IO_L30N_5,I/O,5
N,8,N8,IO_L32P_5/GCLK2,GCLK,IO_L32P_5/GCLK2,GCLK,IO_L32P_5/GCLK2,GCLK,5
N,9,N9,IO_L31N_4/INIT_B,DUAL,IO_L31N_4/INIT_B,DUAL,IO_L31N_4/INIT_B,DUAL,4
N,10,N10,IO_L29P_4,I/O,IO_L29P_4,I/O,IO_L29P_4,I/O,4
N,11,N11,IO_L27P_4/D1,DUAL,IO_L27P_4/D1,DUAL,IO_L27P_4/D1,DUAL,4
N,12,N12,IO/VREF_4,VREF,IO/VREF_4,VREF,IO/VREF_4,VREF,4
N,13,N13,VCCINT,VCCINT,VCCINT,VCCINT,VCCINT,VCCINT,N/A
N,14,N14,IO_L19P_3,I/O,IO_L19P_3,I/O,IO_L19P_3,I/O,3
N,15,N15,IO_L17P_3/VREF_3,VREF,IO_L17P_3/VREF_3,VREF,IO_L17P_3/VREF_3,VREF,3
N,16,N16,IO_L17N_3,I/O,IO_L17N_3,I/O,IO_L17N_3,I/O,3
P,1,P1,IO_L01P_6/VRN_6,DCI,IO_L01P_6/VRN_6,DCI,IO_L01P_6/VRN_6,DCI,6
P,2,P2,IO_L16N_6,I/O,IO_L16N_6,I/O,IO_L16N_6,I/O,6
P,3,P3,M0,CONFIG,M0,CONFIG,M0,CONFIG,VCCAUX
P,4,P4,M2,CONFIG,M2,CONFIG,M2,CONFIG,VCCAUX
P,5,P5,IO_L27P_5,I/O,IO_L27P_5,I/O,IO_L27P_5,I/O,5
P,6,P6,IO_L29P_5/VREF_5,VREF,IO_L29P_5/VREF_5,VREF,IO_L29P_5/VREF_5,VREF,5
P,7,P7,IO,I/O,IO,I/O,IO,I/O,5
P,8,P8,IO_L32N_5/GCLK3,GCLK,IO_L32N_5/GCLK3,GCLK,IO_L32N_5/GCLK3,GCLK,5
P,9,P9,IO_L31P_4/DOUT/BUSY,DUAL,IO_L31P_4/DOUT/BUSY,DUAL,IO_L31P_4/DOUT/BUSY,DUAL,4
P,10,P10,IO_L30N_4/D2,DUAL,IO_L30N_4/D2,DUAL,IO_L30N_4/D2,DUAL,4
P,11,P11,IO_L28N_4,I/O,IO_L28N_4,I/O,IO_L28N_4,I/O,4
P,12,P12,IO_L25N_4,I/O,IO_L25N_4,I/O,IO_L25N_4,I/O,4
P,13,P13,IO/VREF_4,VREF,IO/VREF_4,VREF,IO/VREF_4,VREF,4
P,14,P14,IO_L16P_3,I/O,IO_L16P_3,I/O,IO_L16P_3,I/O,3
P,15,P15,IO_L16N_3,I/O,IO_L16N_3,I/O,IO_L16N_3,I/O,3
P,16,P16,IO_L01N_3/VRP_3,DCI,IO_L01N_3/VRP_3,DCI,IO_L01N_3/VRP_3,DCI,3
R,1,R1,IO_L01N_6/VRP_6,DCI,IO_L01N_6/VRP_6,DCI,IO_L01N_6/VRP_6,DCI,6
R,2,R2,GND,GND,GND,GND,GND,GND,N/A
R,3,R3,IO_L01P_5/CS_B,DUAL,IO_L01P_5/CS_B,DUAL,IO_L01P_5/CS_B,DUAL,5
R,4,R4,IO_L10P_5/VRN_5,DCI,IO_L10P_5/VRN_5,DCI,IO_L10P_5/VRN_5,DCI,5
R,5,R5,IO_L27N_5/VREF_5,VREF,IO_L27N_5/VREF_5,VREF,IO_L27N_5/VREF_5,VREF,5
R,6,R6,IO_L29N_5,I/O,IO_L29N_5,I/O,IO_L29N_5,I/O,5
R,7,R7,IO_L31P_5/D5,DUAL,IO_L31P_5/D5,DUAL,IO_L31P_5/D5,DUAL,5
R,8,R8,GND,GND,GND,GND,GND,GND,N/A
R,9,R9,IO_L32N_4/GCLK1,GCLK,IO_L32N_4/GCLK1,GCLK,IO_L32N_4/GCLK1,GCLK,4
R,10,R10,IO_L30P_4/D3,DUAL,IO_L30P_4/D3,DUAL,IO_L30P_4/D3,DUAL,4
R,11,R11,IO_L28P_4,I/O,IO_L28P_4,I/O,IO_L28P_4,I/O,4
R,12,R12,IO_L25P_4,I/O,IO_L25P_4,I/O,IO_L25P_4,I/O,4
R,13,R13,IO_L01N_4/VRP_4,DCI,IO_L01N_4/VRP_4,DCI,IO_L01N_4/VRP_4,DCI,4
R,14,R14,DONE,CONFIG,DONE,CONFIG,DONE,CONFIG,VCCAUX
R,15,R15,GND,GND,GND,GND,GND,GND,N/A
R,16,R16,IO_L01P_3/VRN_3,DCI,IO_L01P_3/VRN_3,DCI,IO_L01P_3/VRN_3,DCI,3
T,1,T1,GND,GND,GND,GND,GND,GND,N/A
T,2,T2,M1,CONFIG,M1,CONFIG,M1,CONFIG,VCCAUX
T,3,T3,IO_L01N_5/RDWR_B,DUAL,IO_L01N_5/RDWR_B,DUAL,IO_L01N_5/RDWR_B,DUAL,5
T,4,T4,IO_L10N_5/VRP_5,DCI,IO_L10N_5/VRP_5,DCI,IO_L10N_5/VRP_5,DCI,5
T,5,T5,IO,I/O,IO,I/O,IO,I/O,5
T,6,T6,VCCAUX,VCCAUX,VCCAUX,VCCAUX,VCCAUX,VCCAUX,N/A
T,7,T7,IO_L31N_5/D4,DUAL,IO_L31N_5/D4,DUAL,IO_L31N_5/D4,DUAL,5
T,8,T8,IO/VREF_5,VREF,IO/VREF_5,VREF,IO/VREF_5,VREF,5
T,9,T9,IO_L32P_4/GCLK0,GCLK,IO_L32P_4/GCLK0,GCLK,IO_L32P_4/GCLK0,GCLK,4
T,10,T10,IO/VREF_4,VREF,IO/VREF_4,VREF,IO/VREF_4,VREF,4
T,11,T11,VCCAUX,VCCAUX,VCCAUX,VCCAUX,VCCAUX,VCCAUX,N/A
T,12,T12,IO,I/O,IO,I/O,IO,I/O,4
T,13,T13,IO_L01P_4/VRN_4,DCI,IO_L01P_4/VRN_4,DCI,IO_L01P_4/VRN_4,DCI,4
T,14,T14,IO,I/O,IO,I/O,IO,I/O,4
T,15,T15,CCLK,CONFIG,CCLK,CONFIG,CCLK,CONFIG,VCCAUX
T,16,T16,GND,GND,GND,GND,GND,GND,N/A
