SORT_PIN,PIN_NUMBER,XC3S50,XC3S50_TYPE,XC3S200,XC3S200_TYPE,XC3S400,XC3S400_TYPE,BANK
1,P1,GND,GND,GND,GND,GND,GND,N/A
2,P2,IO_L01P_7/VRN_7,DCI,IO_L01P_7/VRN_7,DCI,IO_L01P_7/VRN_7,DCI,7
3,P3,IO_L01N_7/VRP_7,DCI,IO_L01N_7/VRP_7,DCI,IO_L01N_7/VRP_7,DCI,7
4,P4,N.C.,N.C.,IO_L16P_7/VREF_7,VREF,IO_L16P_7/VREF_7,VREF,7
5,P5,N.C.,N.C.,IO_L16N_7,I/O,IO_L16N_7,I/O,7
6,P6,VCCO_7,VCCO,VCCO_7,VCCO,VCCO_7,VCCO,7
7,P7,IO_L19P_7,I/O,IO_L19P_7,I/O,IO_L19P_7,I/O,7
8,P8,GND,GND,GND,GND,GND,GND,N/A
9,P9,IO_L19N_7/VREF_7,VREF,IO_L19N_7/VREF_7,VREF,IO_L19N_7/VREF_7,VREF,7
10,P10,IO_L20P_7,I/O,IO_L20P_7,I/O,IO_L20P_7,I/O,7
11,P11,IO_L20N_7,I/O,IO_L20N_7,I/O,IO_L20N_7,I/O,7
12,P12,IO_L21P_7,I/O,IO_L21P_7,I/O,IO_L21P_7,I/O,7
13,P13,IO_L21N_7,I/O,IO_L21N_7,I/O,IO_L21N_7,I/O,7
14,P14,GND,GND,GND,GND,GND,GND,N/A
15,P15,IO_L22P_7,I/O,IO_L22P_7,I/O,IO_L22P_7,I/O,7
16,P16,IO_L22N_7,I/O,IO_L22N_7,I/O,IO_L22N_7,I/O,7
17,P17,VCCAUX,VCCAUX,VCCAUX,VCCAUX,VCCAUX,VCCAUX,N/A
18,P18,IO_L23P_7,I/O,IO_L23P_7,I/O,IO_L23P_7,I/O,7
19,P19,IO_L23N_7,I/O,IO_L23N_7,I/O,IO_L23N_7,I/O,7
20,P20,IO_L24P_7,I/O,IO_L24P_7,I/O,IO_L24P_7,I/O,7
21,P21,IO_L24N_7,I/O,IO_L24N_7,I/O,IO_L24N_7,I/O,7
22,P22,N.C.,N.C.,IO_L39P_7,I/O,IO_L39P_7,I/O,7
23,P23,VCCO_7,VCCO,VCCO_7,VCCO,VCCO_7,VCCO,7
24,P24,N.C.,N.C.,IO_L39N_7,I/O,IO_L39N_7,I/O,7
25,P25,GND,GND,GND,GND,GND,GND,N/A
26,P26,IO_L40P_7,I/O,IO_L40P_7,I/O,IO_L40P_7,I/O,7
27,P27,IO_L40N_7/VREF_7,VREF,IO_L40N_7/VREF_7,VREF,IO_L40N_7/VREF_7,VREF,7
28,P28,IO_L40P_6/VREF_6,VREF,IO_L40P_6/VREF_6,VREF,IO_L40P_6/VREF_6,VREF,6
29,P29,IO_L40N_6,I/O,IO_L40N_6,I/O,IO_L40N_6,I/O,6
30,P30,GND,GND,GND,GND,GND,GND,N/A
31,P31,N.C.,N.C.,IO_L39P_6,I/O,IO_L39P_6,I/O,6
32,P32,VCCO_6,VCCO,VCCO_6,VCCO,VCCO_6,VCCO,6
33,P33,N.C.,N.C.,IO_L39N_6,I/O,IO_L39N_6,I/O,6
34,P34,IO_L24P_6,I/O,IO_L24P_6,I/O,IO_L24P_6,I/O,6
35,P35,IO_L24N_6/VREF_6,VREF,IO_L24N_6/VREF_6,VREF,IO_L24N_6/VREF_6,VREF,6
36,P36,IO_L23P_6,I/O,IO_L23P_6,I/O,IO_L23P_6,I/O,6
37,P37,IO_L23N_6,I/O,IO_L23N_6,I/O,IO_L23N_6,I/O,6
38,P38,VCCAUX,VCCAUX,VCCAUX,VCCAUX,VCCAUX,VCCAUX,N/A
39,P39,IO_L22P_6,I/O,IO_L22P_6,I/O,IO_L22P_6,I/O,6
40,P40,IO_L22N_6,I/O,IO_L22N_6,I/O,IO_L22N_6,I/O,6
41,P41,GND,GND,GND,GND,GND,GND,N/A
42,P42,IO_L21P_6,I/O,IO_L21P_6,I/O,IO_L21P_6,I/O,6
43,P43,IO_L21N_6,I/O,IO_L21N_6,I/O,IO_L21N_6,I/O,6
44,P44,IO_L20P_6,I/O,IO_L20P_6,I/O,IO_L20P_6,I/O,6
45,P45,IO_L20N_6,I/O,IO_L20N_6,I/O,IO_L20N_6,I/O,6
46,P46,IO_L19P_6,I/O,IO_L19P_6,I/O,IO_L19P_6,I/O,6
47,P47,GND,GND,GND,GND,GND,GND,N/A
48,P48,IO_L19N_6,I/O,IO_L19N_6,I/O,IO_L19N_6,I/O,6
49,P49,VCCO_6,VCCO,VCCO_6,VCCO,VCCO_6,VCCO,6
50,P50,N.C.,N.C.,IO/VREF_6,VREF,IO/VREF_6,VREF,6
51,P51,IO_L01P_6/VRN_6,DCI,IO_L01P_6/VRN_6,DCI,IO_L01P_6/VRN_6,DCI,6
52,P52,IO_L01N_6/VRP_6,DCI,IO_L01N_6/VRP_6,DCI,IO_L01N_6/VRP_6,DCI,6
53,P53,GND,GND,GND,GND,GND,GND,N/A
54,P54,M1,CONFIG,M1,CONFIG,M1,CONFIG,VCCAUX
55,P55,M0,CONFIG,M0,CONFIG,M0,CONFIG,VCCAUX
56,P56,M2,CONFIG,M2,CONFIG,M2,CONFIG,VCCAUX
57,P57,IO_L01P_5/CS_B,DUAL,IO_L01P_5/CS_B,DUAL,IO_L01P_5/CS_B,DUAL,5
58,P58,IO_L01N_5/RDWR_B,DUAL,IO_L01N_5/RDWR_B,DUAL,IO_L01N_5/RDWR_B,DUAL,5
59,P59,GND,GND,GND,GND,GND,GND,N/A
60,P60,VCCO_5,VCCO,VCCO_5,VCCO,VCCO_5,VCCO,5
61,P61,IO_L10P_5/VRN_5,DCI,IO_L10P_5/VRN_5,DCI,IO_L10P_5/VRN_5,DCI,5
62,P62,IO_L10N_5/VRP_5,DCI,IO_L10N_5/VRP_5,DCI,IO_L10N_5/VRP_5,DCI,5
63,P63,IO,I/O,IO,I/O,IO,I/O,5
64,P64,IO_L27P_5,I/O,IO_L27P_5,I/O,IO_L27P_5,I/O,5
65,P65,IO_L27N_5/VREF_5,VREF,IO_L27N_5/VREF_5,VREF,IO_L27N_5/VREF_5,VREF,5
66,P66,GND,GND,GND,GND,GND,GND,N/A
67,P67,IO_L28P_5/D7,DUAL,IO_L28P_5/D7,DUAL,IO_L28P_5/D7,DUAL,5
68,P68,IO_L28N_5/D6,DUAL,IO_L28N_5/D6,DUAL,IO_L28N_5/D6,DUAL,5
69,P69,VCCAUX,VCCAUX,VCCAUX,VCCAUX,VCCAUX,VCCAUX,N/A
70,P70,VCCINT,VCCINT,VCCINT,VCCINT,VCCINT,VCCINT,N/A
71,P71,IO,I/O,IO,I/O,IO,I/O,5
72,P72,IO_L31P_5/D5,DUAL,IO_L31P_5/D5,DUAL,IO_L31P_5/D5,DUAL,5
73,P73,VCCO_5,VCCO,VCCO_5,VCCO,VCCO_5,VCCO,5
74,P74,IO_L31N_5/D4,DUAL,IO_L31N_5/D4,DUAL,IO_L31N_5/D4,DUAL,5
75,P75,GND,GND,GND,GND,GND,GND,N/A
76,P76,IO_L32P_5/GCLK2,GCLK,IO_L32P_5/GCLK2,GCLK,IO_L32P_5/GCLK2,GCLK,5
77,P77,IO_L32N_5/GCLK3,GCLK,IO_L32N_5/GCLK3,GCLK,IO_L32N_5/GCLK3,GCLK,5
78,P78,IO/VREF_5,VREF,IO/VREF_5,VREF,IO/VREF_5,VREF,5
79,P79,IO_L32P_4/GCLK0,GCLK,IO_L32P_4/GCLK0,GCLK,IO_L32P_4/GCLK0,GCLK,4
80,P80,IO_L32N_4/GCLK1,GCLK,IO_L32N_4/GCLK1,GCLK,IO_L32N_4/GCLK1,GCLK,4
81,P81,IO_L31P_4/DOUT/BUSY,DUAL,IO_L31P_4/DOUT/BUSY,DUAL,IO_L31P_4/DOUT/BUSY,DUAL,4
82,P82,GND,GND,GND,GND,GND,GND,N/A
83,P83,IO_L31N_4/INIT_B,DUAL,IO_L31N_4/INIT_B,DUAL,IO_L31N_4/INIT_B,DUAL,4
84,P84,VCCO_4,VCCO,VCCO_4,VCCO,VCCO_4,VCCO,4
85,P85,IO/VREF_4,VREF,IO/VREF_4,VREF,IO/VREF_4,VREF,4
86,P86,IO_L30P_4/D3,DUAL,IO_L30P_4/D3,DUAL,IO_L30P_4/D3,DUAL,4
87,P87,IO_L30N_4/D2,DUAL,IO_L30N_4/D2,DUAL,IO_L30N_4/D2,DUAL,4
88,P88,VCCINT,VCCINT,VCCINT,VCCINT,VCCINT,VCCINT,N/A
89,P89,VCCAUX,VCCAUX,VCCAUX,VCCAUX,VCCAUX,VCCAUX,N/A
90,P90,IO_L27P_4/D1,DUAL,IO_L27P_4/D1,DUAL,IO_L27P_4/D1,DUAL,4
91,P91,GND,GND,GND,GND,GND,GND,N/A
92,P92,IO_L27N_4/DIN/D0,DUAL,IO_L27N_4/DIN/D0,DUAL,IO_L27N_4/DIN/D0,DUAL,4
93,P93,IO,I/O,IO,I/O,IO,I/O,4
94,P94,IO_L25P_4,I/O,IO_L25P_4,I/O,IO_L25P_4,I/O,4
95,P95,IO_L25N_4,I/O,IO_L25N_4,I/O,IO_L25N_4,I/O,4
96,P96,N.C.,N.C.,IO/VREF_4,VREF,IO/VREF_4,VREF,4
97,P97,N.C.,N.C.,IO,I/O,IO,I/O,4
98,P98,VCCO_4,VCCO,VCCO_4,VCCO,VCCO_4,VCCO,4
99,P99,GND,GND,GND,GND,GND,GND,N/A
100,P100,IO_L01P_4/VRN_4,DCI,IO_L01P_4/VRN_4,DCI,IO_L01P_4/VRN_4,DCI,4
101,P101,IO_L01N_4/VRP_4,DCI,IO_L01N_4/VRP_4,DCI,IO_L01N_4/VRP_4,DCI,4
102,P102,IO/VREF_4,VREF,IO/VREF_4,VREF,IO/VREF_4,VREF,4
103,P103,DONE,CONFIG,DONE,CONFIG,DONE,CONFIG,VCCAUX
104,P104,CCLK,CONFIG,CCLK,CONFIG,CCLK,CONFIG,VCCAUX
105,P105,GND,GND,GND,GND,GND,GND,N/A
106,P106,IO_L01P_3/VRN_3,DCI,IO_L01P_3/VRN_3,DCI,IO_L01P_3/VRN_3,DCI,3
107,P107,IO_L01N_3/VRP_3,DCI,IO_L01N_3/VRP_3,DCI,IO_L01N_3/VRP_3,DCI,3
108,P108,N.C.,N.C.,IO_L17P_3/VREF_3,VREF,IO_L17P_3/VREF_3,VREF,3
109,P109,N.C.,N.C.,IO_L17N_3,I/O,IO_L17N_3,I/O,3
110,P110,VCCO_3,VCCO,VCCO_3,VCCO,VCCO_3,VCCO,3
111,P111,IO_L19P_3,I/O,IO_L19P_3,I/O,IO_L19P_3,I/O,3
112,P112,GND,GND,GND,GND,GND,GND,N/A
113,P113,IO_L19N_3,I/O,IO_L19N_3,I/O,IO_L19N_3,I/O,3
114,P114,IO_L20P_3,I/O,IO_L20P_3,I/O,IO_L20P_3,I/O,3
115,P115,IO_L20N_3,I/O,IO_L20N_3,I/O,IO_L20N_3,I/O,3
116,P116,IO_L21P_3,I/O,IO_L21P_3,I/O,IO_L21P_3,I/O,3
117,P117,IO_L21N_3,I/O,IO_L21N_3,I/O,IO_L21N_3,I/O,3
118,P118,GND,GND,GND,GND,GND,GND,N/A
119,P119,IO_L22P_3,I/O,IO_L22P_3,I/O,IO_L22P_3,I/O,3
120,P120,IO_L22N_3,I/O,IO_L22N_3,I/O,IO_L22N_3,I/O,3
121,P121,VCCAUX,VCCAUX,VCCAUX,VCCAUX,VCCAUX,VCCAUX,N/A
122,P122,IO_L23P_3/VREF_3,VREF,IO_L23P_3/VREF_3,VREF,IO_L23P_3/VREF_3,VREF,3
123,P123,IO_L23N_3,I/O,IO_L23N_3,I/O,IO_L23N_3,I/O,3
124,P124,IO_L24P_3,I/O,IO_L24P_3,I/O,IO_L24P_3,I/O,3
125,P125,IO_L24N_3,I/O,IO_L24N_3,I/O,IO_L24N_3,I/O,3
126,P126,N.C.,N.C.,IO_L39P_3,I/O,IO_L39P_3,I/O,3
127,P127,VCCO_3,VCCO,VCCO_3,VCCO,VCCO_3,VCCO,3
128,P128,N.C.,N.C.,IO_L39N_3,I/O,IO_L39N_3,I/O,3
129,P129,GND,GND,GND,GND,GND,GND,N/A
130,P130,IO_L40P_3,I/O,IO_L40P_3,I/O,IO_L40P_3,I/O,3
131,P131,IO_L40N_3/VREF_3,VREF,IO_L40N_3/VREF_3,VREF,IO_L40N_3/VREF_3,VREF,3
132,P132,IO_L40P_2/VREF_2,VREF,IO_L40P_2/VREF_2,VREF,IO_L40P_2/VREF_2,VREF,2
133,P133,IO_L40N_2,I/O,IO_L40N_2,I/O,IO_L40N_2,I/O,2
134,P134,GND,GND,GND,GND,GND,GND,N/A
135,P135,N.C.,N.C.,IO_L39P_2,I/O,IO_L39P_2,I/O,2
136,P136,VCCO_2,VCCO,VCCO_2,VCCO,VCCO_2,VCCO,2
137,P137,N.C.,N.C.,IO_L39N_2,I/O,IO_L39N_2,I/O,2
138,P138,IO_L24P_2,I/O,IO_L24P_2,I/O,IO_L24P_2,I/O,2
139,P139,IO_L24N_2,I/O,IO_L24N_2,I/O,IO_L24N_2,I/O,2
140,P140,IO_L23P_2,I/O,IO_L23P_2,I/O,IO_L23P_2,I/O,2
141,P141,IO_L23N_2/VREF_2,VREF,IO_L23N_2/VREF_2,VREF,IO_L23N_2/VREF_2,VREF,2
142,P142,VCCAUX,VCCAUX,VCCAUX,VCCAUX,VCCAUX,VCCAUX,N/A
143,P143,IO_L22P_2,I/O,IO_L22P_2,I/O,IO_L22P_2,I/O,2
144,P144,IO_L22N_2,I/O,IO_L22N_2,I/O,IO_L22N_2,I/O,2
145,P145,GND,GND,GND,GND,GND,GND,N/A
146,P146,IO_L21P_2,I/O,IO_L21P_2,I/O,IO_L21P_2,I/O,2
147,P147,IO_L21N_2,I/O,IO_L21N_2,I/O,IO_L21N_2,I/O,2
148,P148,IO_L20P_2,I/O,IO_L20P_2,I/O,IO_L20P_2,I/O,2
149,P149,IO_L20N_2,I/O,IO_L20N_2,I/O,IO_L20N_2,I/O,2
150,P150,IO_L19P_2,I/O,IO_L19P_2,I/O,IO_L19P_2,I/O,2
151,P151,GND,GND,GND,GND,GND,GND,N/A
152,P152,IO_L19N_2,I/O,IO_L19N_2,I/O,IO_L19N_2,I/O,2
153,P153,VCCO_2,VCCO,VCCO_2,VCCO,VCCO_2,VCCO,2
154,P154,N.C.,N.C.,IO/VREF_2,VREF,IO/VREF_2,VREF,2
155,P155,IO_L01P_2/VRN_2,DCI,IO_L01P_2/VRN_2,DCI,IO_L01P_2/VRN_2,DCI,2
156,P156,IO_L01N_2/VRP_2,DCI,IO_L01N_2/VRP_2,DCI,IO_L01N_2/VRP_2,DCI,2
157,P157,GND,GND,GND,GND,GND,GND,N/A
158,P158,TDO,JTAG,TDO,JTAG,TDO,JTAG,VCCAUX
159,P159,TCK,JTAG,TCK,JTAG,TCK,JTAG,VCCAUX
160,P160,TMS,JTAG,TMS,JTAG,TMS,JTAG,VCCAUX
161,P161,IO_L01P_1/VRN_1,DCI,IO_L01P_1/VRN_1,DCI,IO_L01P_1/VRN_1,DCI,1
162,P162,IO_L01N_1/VRP_1,DCI,IO_L01N_1/VRP_1,DCI,IO_L01N_1/VRP_1,DCI,1
163,P163,GND,GND,GND,GND,GND,GND,N/A
164,P164,VCCO_1,VCCO,VCCO_1,VCCO,VCCO_1,VCCO,1
165,P165,IO_L10P_1,I/O,IO_L10P_1,I/O,IO_L10P_1,I/O,1
166,P166,IO_L10N_1/VREF_1,VREF,IO_L10N_1/VREF_1,VREF,IO_L10N_1/VREF_1,VREF,1
167,P167,IO,I/O,IO,I/O,IO,I/O,1
168,P168,IO_L27P_1,I/O,IO_L27P_1,I/O,IO_L27P_1,I/O,1
169,P169,IO_L27N_1,I/O,IO_L27N_1,I/O,IO_L27N_1,I/O,1
170,P170,GND,GND,GND,GND,GND,GND,N/A
171,P171,IO_L28P_1,I/O,IO_L28P_1,I/O,IO_L28P_1,I/O,1
172,P172,IO_L28N_1,I/O,IO_L28N_1,I/O,IO_L28N_1,I/O,1
173,P173,VCCAUX,VCCAUX,VCCAUX,VCCAUX,VCCAUX,VCCAUX,N/A
174,P174,VCCINT,VCCINT,VCCINT,VCCINT,VCCINT,VCCINT,N/A
175,P175,IO,I/O,IO,I/O,IO,I/O,1
176,P176,IO_L31P_1,I/O,IO_L31P_1,I/O,IO_L31P_1,I/O,1
177,P177,VCCO_1,VCCO,VCCO_1,VCCO,VCCO_1,VCCO,1
178,P178,IO_L31N_1/VREF_1,VREF,IO_L31N_1/VREF_1,VREF,IO_L31N_1/VREF_1,VREF,1
179,P179,GND,GND,GND,GND,GND,GND,N/A
180,P180,IO_L32P_1/GCLK4,GCLK,IO_L32P_1/GCLK4,GCLK,IO_L32P_1/GCLK4,GCLK,1
181,P181,IO_L32N_1/GCLK5,GCLK,IO_L32N_1/GCLK5,GCLK,IO_L32N_1/GCLK5,GCLK,1
182,P182,IO,I/O,IO,I/O,IO,I/O,1
183,P183,IO_L32P_0/GCLK6,GCLK,IO_L32P_0/GCLK6,GCLK,IO_L32P_0/GCLK6,GCLK,0
184,P184,IO_L32N_0/GCLK7,GCLK,IO_L32N_0/GCLK7,GCLK,IO_L32N_0/GCLK7,GCLK,0
185,P185,IO_L31P_0/VREF_0,VREF,IO_L31P_0/VREF_0,VREF,IO_L31P_0/VREF_0,VREF,0
186,P186,GND,GND,GND,GND,GND,GND,N/A
187,P187,IO_L31N_0,I/O,IO_L31N_0,I/O,IO_L31N_0,I/O,0
188,P188,VCCO_0,VCCO,VCCO_0,VCCO,VCCO_0,VCCO,0
189,P189,IO,I/O,IO,I/O,IO,I/O,0
190,P190,IO_L30P_0,I/O,IO_L30P_0,I/O,IO_L30P_0,I/O,0
191,P191,IO_L30N_0,I/O,IO_L30N_0,I/O,IO_L30N_0,I/O,0
192,P192,VCCINT,VCCINT,VCCINT,VCCINT,VCCINT,VCCINT,N/A
193,P193,VCCAUX,VCCAUX,VCCAUX,VCCAUX,VCCAUX,VCCAUX,N/A
194,P194,IO_L27P_0,I/O,IO_L27P_0,I/O,IO_L27P_0,I/O,0
195,P195,GND,GND,GND,GND,GND,GND,N/A
196,P196,IO_L27N_0,I/O,IO_L27N_0,I/O,IO_L27N_0,I/O,0
197,P197,IO,I/O,IO,I/O,IO,I/O,0
198,P198,IO_L25P_0,I/O,IO_L25P_0,I/O,IO_L25P_0,I/O,0
199,P199,IO_L25N_0,I/O,IO_L25N_0,I/O,IO_L25N_0,I/O,0
200,P200,N.C.,N.C.,IO/VREF_0,VREF,IO/VREF_0,VREF,0
201,P201,VCCO_0,VCCO,VCCO_0,VCCO,VCCO_0,VCCO,0
202,P202,GND,GND,GND,GND,GND,GND,N/A
203,P203,IO_L01P_0/VRN_0,DCI,IO_L01P_0/VRN_0,DCI,IO_L01P_0/VRN_0,DCI,0
204,P204,IO_L01N_0/VRP_0,DCI,IO_L01N_0/VRP_0,DCI,IO_L01N_0/VRP_0,DCI,0
205,P205,IO/VREF_0,VREF,IO/VREF_0,VREF,IO/VREF_0,VREF,0
206,P206,HSWAP_EN,CONFIG,HSWAP_EN,CONFIG,HSWAP_EN,CONFIG,VCCAUX
207,P207,PROG_B,CONFIG,PROG_B,CONFIG,PROG_B,CONFIG,VCCAUX
208,P208,TDI,JTAG,TDI,JTAG,TDI,JTAG,VCCAUX
