SORT_PIN,PIN_NUMBER,XC3S50,XC3S50_TYPE,XC3S200,XC3S200_TYPE,XC3S400,XC3S400_TYPE,BANK
1,P1,IO_L01P_7/VRN_7,DCI,IO_L01P_7/VRN_7,DCI,IO_L01P_7/VRN_7,DCI,7
2,P2,IO_L01N_7/VRP_7,DCI,IO_L01N_7/VRP_7,DCI,IO_L01N_7/VRP_7,DCI,7
3,P3,VCCO_LEFT,VCCO,VCCO_LEFT,VCCO,VCCO_LEFT,VCCO,6 and 7
4,P4,IO/VREF_7,VREF,IO/VREF_7,VREF,IO/VREF_7,VREF,7
5,P5,IO_L20P_7,I/O,IO_L20P_7,I/O,IO_L20P_7,I/O,7
6,P6,IO_L20N_7,I/O,IO_L20N_7,I/O,IO_L20N_7,I/O,7
7,P7,IO_L21P_7,I/O,IO_L21P_7,I/O,IO_L21P_7,I/O,7
8,P8,IO_L21N_7,I/O,IO_L21N_7,I/O,IO_L21N_7,I/O,7
9,P9,GND,GND,GND,GND,GND,GND,N/A
10,P10,IO_L22P_7,I/O,IO_L22P_7,I/O,IO_L22P_7,I/O,7
11,P11,IO_L22N_7,I/O,IO_L22N_7,I/O,IO_L22N_7,I/O,7
12,P12,IO_L23P_7,I/O,IO_L23P_7,I/O,IO_L23P_7,I/O,7
13,P13,IO_L23N_7,I/O,IO_L23N_7,I/O,IO_L23N_7,I/O,7
14,P14,IO_L24P_7,I/O,IO_L24P_7,I/O,IO_L24P_7,I/O,7
15,P15,IO_L24N_7,I/O,IO_L24N_7,I/O,IO_L24N_7,I/O,7
16,P16,GND,GND,GND,GND,GND,GND,N/A
17,P17,IO_L40P_7,I/O,IO_L40P_7,I/O,IO_L40P_7,I/O,7
18,P18,IO_L40N_7/VREF_7,VREF,IO_L40N_7/VREF_7,VREF,IO_L40N_7/VREF_7,VREF,7
19,P19,VCCO_LEFT,VCCO,VCCO_LEFT,VCCO,VCCO_LEFT,VCCO,6 and 7
20,P20,IO_L40P_6/VREF_6,VREF,IO_L40P_6/VREF_6,VREF,IO_L40P_6/VREF_6,VREF,6
21,P21,IO_L40N_6,I/O,IO_L40N_6,I/O,IO_L40N_6,I/O,6
22,P22,GND,GND,GND,GND,GND,GND,N/A
23,P23,IO_L24P_6,I/O,IO_L24P_6,I/O,IO_L24P_6,I/O,6
24,P24,IO_L24N_6/VREF_6,VREF,IO_L24N_6/VREF_6,VREF,IO_L24N_6/VREF_6,VREF,6
25,P25,IO_L23P_6,I/O,IO_L23P_6,I/O,IO_L23P_6,I/O,6
26,P26,IO_L23N_6,I/O,IO_L23N_6,I/O,IO_L23N_6,I/O,6
27,P27,IO_L22P_6,I/O,IO_L22P_6,I/O,IO_L22P_6,I/O,6
28,P28,IO_L22N_6,I/O,IO_L22N_6,I/O,IO_L22N_6,I/O,6
29,P29,GND,GND,GND,GND,GND,GND,N/A
30,P30,IO_L21P_6,I/O,IO_L21P_6,I/O,IO_L21P_6,I/O,6
31,P31,IO_L21N_6,I/O,IO_L21N_6,I/O,IO_L21N_6,I/O,6
32,P32,IO_L20P_6,I/O,IO_L20P_6,I/O,IO_L20P_6,I/O,6
33,P33,IO_L20N_6,I/O,IO_L20N_6,I/O,IO_L20N_6,I/O,6
34,P34,VCCO_LEFT,VCCO,VCCO_LEFT,VCCO,VCCO_LEFT,VCCO,6 and 7
35,P35,IO_L01P_6/VRN_6,DCI,IO_L01P_6/VRN_6,DCI,IO_L01P_6/VRN_6,DCI,6
36,P36,IO_L01N_6/VRP_6,DCI,IO_L01N_6/VRP_6,DCI,IO_L01N_6/VRP_6,DCI,6
37,P37,M1,CONFIG,M1,CONFIG,M1,CONFIG,VCCAUX
38,P38,M0,CONFIG,M0,CONFIG,M0,CONFIG,VCCAUX
39,P39,M2,CONFIG,M2,CONFIG,M2,CONFIG,VCCAUX
40,P40,IO_L01P_5/CS_B,DUAL,IO_L01P_5/CS_B,DUAL,IO_L01P_5/CS_B,DUAL,5
41,P41,IO_L01N_5/RDWR_B,DUAL,IO_L01N_5/RDWR_B,DUAL,IO_L01N_5/RDWR_B,DUAL,5
42,P42,GND,GND,GND,GND,GND,GND,N/A
43,P43,VCCO_BOTTOM,VCCO,VCCO_BOTTOM,VCCO,VCCO_BOTTOM,VCCO,4 and 5
44,P44,IO/VREF_5,VREF,IO/VREF_5,VREF,IO/VREF_5,VREF,5
45,P45,GND,GND,GND,GND,GND,GND,N/A
46,P46,IO_L28P_5/D7,DUAL,IO_L28P_5/D7,DUAL,IO_L28P_5/D7,DUAL,5
47,P47,IO_L28N_5/D6,DUAL,IO_L28N_5/D6,DUAL,IO_L28N_5/D6,DUAL,5
48,P48,VCCAUX,VCCAUX,VCCAUX,VCCAUX,VCCAUX,VCCAUX,N/A
49,P49,VCCINT,VCCINT,VCCINT,VCCINT,VCCINT,VCCINT,N/A
50,P50,IO_L31P_5/D5,DUAL,IO_L31P_5/D5,DUAL,IO_L31P_5/D5,DUAL,5
51,P51,IO_L31N_5/D4,DUAL,IO_L31N_5/D4,DUAL,IO_L31N_5/D4,DUAL,5
52,P52,IO_L32P_5/GCLK2,GCLK,IO_L32P_5/GCLK2,GCLK,IO_L32P_5/GCLK2,GCLK,5
53,P53,IO_L32N_5/GCLK3,GCLK,IO_L32N_5/GCLK3,GCLK,IO_L32N_5/GCLK3,GCLK,5
54,P54,VCCO_BOTTOM,VCCO,VCCO_BOTTOM,VCCO,VCCO_BOTTOM,VCCO,4 and 5
55,P55,IO_L32P_4/GCLK0,GCLK,IO_L32P_4/GCLK0,GCLK,IO_L32P_4/GCLK0,GCLK,4
56,P56,IO_L32N_4/GCLK1,GCLK,IO_L32N_4/GCLK1,GCLK,IO_L32N_4/GCLK1,GCLK,4
57,P57,IO_L31P_4/DOUT/BUSY,DUAL,IO_L31P_4/DOUT/BUSY,DUAL,IO_L31P_4/DOUT/BUSY,DUAL,4
58,P58,IO_L31N_4/INIT_B,DUAL,IO_L31N_4/INIT_B,DUAL,IO_L31N_4/INIT_B,DUAL,4
59,P59,IO_L30P_4/D3,DUAL,IO_L30P_4/D3,DUAL,IO_L30P_4/D3,DUAL,4
60,P60,IO_L30N_4/D2,DUAL,IO_L30N_4/D2,DUAL,IO_L30N_4/D2,DUAL,4
61,P61,VCCINT,VCCINT,VCCINT,VCCINT,VCCINT,VCCINT,N/A
62,P62,VCCAUX,VCCAUX,VCCAUX,VCCAUX,VCCAUX,VCCAUX,N/A
63,P63,IO_L27P_4/D1,DUAL,IO_L27P_4/D1,DUAL,IO_L27P_4/D1,DUAL,4
64,P64,GND,GND,GND,GND,GND,GND,N/A
65,P65,IO_L27N_4/DIN/D0,DUAL,IO_L27N_4/DIN/D0,DUAL,IO_L27N_4/DIN/D0,DUAL,4
66,P66,VCCO_BOTTOM,VCCO,VCCO_BOTTOM,VCCO,VCCO_BOTTOM,VCCO,4 and 5
67,P67,GND,GND,GND,GND,GND,GND,N/A
68,P68,IO_L01P_4/VRN_4,DCI,IO_L01P_4/VRN_4,DCI,IO_L01P_4/VRN_4,DCI,4
69,P69,IO_L01N_4/VRP_4,DCI,IO_L01N_4/VRP_4,DCI,IO_L01N_4/VRP_4,DCI,4
70,P70,IO/VREF_4,VREF,IO/VREF_4,VREF,IO/VREF_4,VREF,4
71,P71,DONE,CONFIG,DONE,CONFIG,DONE,CONFIG,VCCAUX
72,P72,CCLK,CONFIG,CCLK,CONFIG,CCLK,CONFIG,VCCAUX
73,P73,IO_L01P_3/VRN_3,DCI,IO_L01P_3/VRN_3,DCI,IO_L01P_3/VRN_3,DCI,3
74,P74,IO_L01N_3/VRP_3,DCI,IO_L01N_3/VRP_3,DCI,IO_L01N_3/VRP_3,DCI,3
75,P75,VCCO_RIGHT,VCCO,VCCO_RIGHT,VCCO,VCCO_RIGHT,VCCO,2 and 3
76,P76,IO,I/O,IO,I/O,IO,I/O,3
77,P77,IO_L20P_3,I/O,IO_L20P_3,I/O,IO_L20P_3,I/O,3
78,P78,IO_L20N_3,I/O,IO_L20N_3,I/O,IO_L20N_3,I/O,3
79,P79,IO_L21P_3,I/O,IO_L21P_3,I/O,IO_L21P_3,I/O,3
80,P80,IO_L21N_3,I/O,IO_L21N_3,I/O,IO_L21N_3,I/O,3
81,P81,GND,GND,GND,GND,GND,GND,N/A
82,P82,IO_L22P_3,I/O,IO_L22P_3,I/O,IO_L22P_3,I/O,3
83,P83,IO_L22N_3,I/O,IO_L22N_3,I/O,IO_L22N_3,I/O,3
84,P84,IO_L23P_3/VREF_3,VREF,IO_L23P_3/VREF_3,VREF,IO_L23P_3/VREF_3,VREF,3
85,P85,IO_L23N_3,I/O,IO_L23N_3,I/O,IO_L23N_3,I/O,3
86,P86,IO_L24P_3,I/O,IO_L24P_3,I/O,IO_L24P_3,I/O,3
87,P87,IO_L24N_3,I/O,IO_L24N_3,I/O,IO_L24N_3,I/O,3
88,P88,GND,GND,GND,GND,GND,GND,N/A
89,P89,IO_L40P_3,I/O,IO_L40P_3,I/O,IO_L40P_3,I/O,3
90,P90,IO_L40N_3/VREF_3,VREF,IO_L40N_3/VREF_3,VREF,IO_L40N_3/VREF_3,VREF,3
91,P91,VCCO_RIGHT,VCCO,VCCO_RIGHT,VCCO,VCCO_RIGHT,VCCO,2 and 3
92,P92,IO_L40P_2/VREF_2,VREF,IO_L40P_2/VREF_2,VREF,IO_L40P_2/VREF_2,VREF,2
93,P93,IO_L40N_2,I/O,IO_L40N_2,I/O,IO_L40N_2,I/O,2
94,P94,GND,GND,GND,GND,GND,GND,N/A
95,P95,IO_L24P_2,I/O,IO_L24P_2,I/O,IO_L24P_2,I/O,2
96,P96,IO_L24N_2,I/O,IO_L24N_2,I/O,IO_L24N_2,I/O,2
97,P97,IO_L23P_2,I/O,IO_L23P_2,I/O,IO_L23P_2,I/O,2
98,P98,IO_L23N_2/VREF_2,VREF,IO_L23N_2/VREF_2,VREF,IO_L23N_2/VREF_2,VREF,2
99,P99,IO_L22P_2,I/O,IO_L22P_2,I/O,IO_L22P_2,I/O,2
100,P100,IO_L22N_2,I/O,IO_L22N_2,I/O,IO_L22N_2,I/O,2
101,P101,GND,GND,GND,GND,GND,GND,N/A
102,P102,IO_L21P_2,I/O,IO_L21P_2,I/O,IO_L21P_2,I/O,2
103,P103,IO_L21N_2,I/O,IO_L21N_2,I/O,IO_L21N_2,I/O,2
104,P104,IO_L20P_2,I/O,IO_L20P_2,I/O,IO_L20P_2,I/O,2
105,P105,IO_L20N_2,I/O,IO_L20N_2,I/O,IO_L20N_2,I/O,2
106,P106,VCCO_RIGHT,VCCO,VCCO_RIGHT,VCCO,VCCO_RIGHT,VCCO,2 and 3
107,P107,IO_L01P_2/VRN_2,DCI,IO_L01P_2/VRN_2,DCI,IO_L01P_2/VRN_2,DCI,2
108,P108,IO_L01N_2/VRP_2,DCI,IO_L01N_2/VRP_2,DCI,IO_L01N_2/VRP_2,DCI,2
109,P109,TDO,JTAG,TDO,JTAG,TDO,JTAG,VCCAUX
110,P110,TCK,JTAG,TCK,JTAG,TCK,JTAG,VCCAUX
111,P111,TMS,JTAG,TMS,JTAG,TMS,JTAG,VCCAUX
112,P112,IO_L01P_1/VRN_1,DCI,IO_L01P_1/VRN_1,DCI,IO_L01P_1/VRN_1,DCI,1
113,P113,IO_L01N_1/VRP_1,DCI,IO_L01N_1/VRP_1,DCI,IO_L01N_1/VRP_1,DCI,1
114,P114,GND,GND,GND,GND,GND,GND,N/A
115,P115,VCCO_TOP,VCCO,VCCO_TOP,VCCO,VCCO_TOP,VCCO,0 and 1
116,P116,IO,I/O,IO,I/O,IO,I/O,1
117,P117,GND,GND,GND,GND,GND,GND,N/A
118,P118,IO_L28P_1,I/O,IO_L28P_1,I/O,IO_L28P_1,I/O,1
119,P119,IO_L28N_1,I/O,IO_L28N_1,I/O,IO_L28N_1,I/O,1
120,P120,VCCAUX,VCCAUX,VCCAUX,VCCAUX,VCCAUX,VCCAUX,N/A
121,P121,VCCINT,VCCINT,VCCINT,VCCINT,VCCINT,VCCINT,N/A
122,P122,IO_L31P_1,I/O,IO_L31P_1,I/O,IO_L31P_1,I/O,1
123,P123,IO_L31N_1/VREF_1,VREF,IO_L31N_1/VREF_1,VREF,IO_L31N_1/VREF_1,VREF,1
124,P124,IO_L32P_1/GCLK4,GCLK,IO_L32P_1/GCLK4,GCLK,IO_L32P_1/GCLK4,GCLK,1
125,P125,IO_L32N_1/GCLK5,GCLK,IO_L32N_1/GCLK5,GCLK,IO_L32N_1/GCLK5,GCLK,1
126,P126,VCCO_TOP,VCCO,VCCO_TOP,VCCO,VCCO_TOP,VCCO,0 and 1
127,P127,IO_L32P_0/GCLK6,GCLK,IO_L32P_0/GCLK6,GCLK,IO_L32P_0/GCLK6,GCLK,0
128,P128,IO_L32N_0/GCLK7,GCLK,IO_L32N_0/GCLK7,GCLK,IO_L32N_0/GCLK7,GCLK,0
129,P129,IO_L31P_0/VREF_0,VREF,IO_L31P_0/VREF_0,VREF,IO_L31P_0/VREF_0,VREF,0
130,P130,IO_L31N_0,I/O,IO_L31N_0,I/O,IO_L31N_0,I/O,0
131,P131,IO_L30P_0,I/O,IO_L30P_0,I/O,IO_L30P_0,I/O,0
132,P132,IO_L30N_0,I/O,IO_L30N_0,I/O,IO_L30N_0,I/O,0
133,P133,VCCINT,VCCINT,VCCINT,VCCINT,VCCINT,VCCINT,N/A
134,P134,VCCAUX,VCCAUX,VCCAUX,VCCAUX,VCCAUX,VCCAUX,N/A
135,P135,IO_L27P_0,I/O,IO_L27P_0,I/O,IO_L27P_0,I/O,0
136,P136,GND,GND,GND,GND,GND,GND,N/A
137,P137,IO_L27N_0,I/O,IO_L27N_0,I/O,IO_L27N_0,I/O,0
138,P138,VCCO_TOP,VCCO,VCCO_TOP,VCCO,VCCO_TOP,VCCO,0 and 1
139,P139,GND,GND,GND,GND,GND,GND,N/A
140,P140,IO_L01P_0/VRN_0,DCI,IO_L01P_0/VRN_0,DCI,IO_L01P_0/VRN_0,DCI,0
141,P141,IO_L01N_0/VRP_0,DCI,IO_L01N_0/VRP_0,DCI,IO_L01N_0/VRP_0,DCI,0
142,P142,HSWAP_EN,CONFIG,HSWAP_EN,CONFIG,HSWAP_EN,CONFIG,VCCAUX
143,P143,PROG_B,CONFIG,PROG_B,CONFIG,PROG_B,CONFIG,VCCAUX
144,P144,TDI,JTAG,TDI,JTAG,TDI,JTAG,VCCAUX
