SORT_PIN,PIN_NUMBER,XC3S50,XC3S50_TYPE,XC3S200,XC3S200_TYPE,BANK
1,P1,IO_L01P_7/VRN_7,DCI,IO_L01P_7/VRN_7,DCI,7
2,P2,IO_L01N_7/VRP_7,DCI,IO_L01N_7/VRP_7,DCI,7
3,P3,GND,GND,GND,GND,N/A
4,P4,IO_L21P_7,I/O,IO_L21P_7,I/O,7
5,P5,IO_L21N_7,I/O,IO_L21N_7,I/O,7
6,P6,VCCO_7,VCCO,VCCO_7,VCCO,7
7,P7,VCCAUX,VCCAUX,VCCAUX,VCCAUX,N/A
8,P8,IO_L23P_7,I/O,IO_L23P_7,I/O,7
9,P9,IO_L23N_7,I/O,IO_L23N_7,I/O,7
10,P10,GND,GND,GND,GND,N/A
11,P11,IO_L40P_7,I/O,IO_L40P_7,I/O,7
12,P12,IO_L40N_7/VREF_7,VREF,IO_L40N_7/VREF_7,VREF,7
13,P13,IO_L40P_6/VREF_6,VREF,IO_L40P_6/VREF_6,VREF,6
14,P14,IO_L40N_6,I/O,IO_L40N_6,I/O,6
15,P15,IO_L24P_6,I/O,IO_L24P_6,I/O,6
16,P16,IO_L24N_6/VREF_6,VREF,IO_L24N_6/VREF_6,VREF,6
17,P17,IO,I/O,IO,I/O,6
18,P18,VCCINT,VCCINT,VCCINT,VCCINT,N/A
19,P19,VCCO_6,VCCO,VCCO_6,VCCO,6
20,P20,GND,GND,GND,GND,N/A
21,P21,IO,I/O,IO,I/O,6
22,P22,IO_L01P_6/VRN_6,DCI,IO_L01P_6/VRN_6,DCI,6
23,P23,IO_L01N_6/VRP_6,DCI,IO_L01N_6/VRP_6,DCI,6
24,P24,M1,CONFIG,M1,CONFIG,VCCAUX
25,P25,M0,CONFIG,M0,CONFIG,VCCAUX
26,P26,M2,CONFIG,M2,CONFIG,VCCAUX
27,P27,IO_L01P_5/CS_B,DUAL,IO_L01P_5/CS_B,DUAL,5
28,P28,IO_L01N_5/RDWR_B,DUAL,IO_L01N_5/RDWR_B,DUAL,5
29,P29,GND,GND,GND,GND,N/A
30,P30,IO_L28P_5/D7,DUAL,IO_L28P_5/D7,DUAL,5
31,P31,VCCO_5,VCCO,VCCO_5,VCCO,5
32,P32,IO_L28N_5/D6,DUAL,IO_L28N_5/D6,DUAL,5
33,P33,VCCAUX,VCCAUX,VCCAUX,VCCAUX,N/A
34,P34,IO_L31P_5/D5,DUAL,IO_L31P_5/D5,DUAL,5
35,P35,IO_L31N_5/D4,DUAL,IO_L31N_5/D4,DUAL,5
36,P36,IO_L32P_5/GCLK2,GCLK,IO_L32P_5/GCLK2,GCLK,5
37,P37,IO_L32N_5/GCLK3,GCLK,IO_L32N_5/GCLK3,GCLK,5
38,P38,IO_L32P_4/GCLK0,GCLK,IO_L32P_4/GCLK0,GCLK,4
39,P39,IO_L32N_4/GCLK1,GCLK,IO_L32N_4/GCLK1,GCLK,4
40,P40,IO_L31P_4/DOUT/BUSY,DUAL,IO_L31P_4/DOUT/BUSY,DUAL,4
41,P41,GND,GND,GND,GND,N/A
42,P42,IO_L31N_4/INIT_B,DUAL,IO_L31N_4/INIT_B,DUAL,4
43,P43,IO_L30P_4/D3,DUAL,IO_L30P_4/D3,DUAL,4
44,P44,IO_L30N_4/D2,DUAL,IO_L30N_4/D2,DUAL,4
45,P45,VCCINT,VCCINT,VCCINT,VCCINT,N/A
46,P46,VCCO_4,VCCO,VCCO_4,VCCO,4
47,P47,IO_L27P_4/D1,DUAL,IO_L27P_4/D1,DUAL,4
48,P48,IO_L27N_4/DIN/D0,DUAL,IO_L27N_4/DIN/D0,DUAL,4
49,P49,IO_L01P_4/VRN_4,DCI,IO_L01P_4/VRN_4,DCI,4
50,P50,IO_L01N_4/VRP_4,DCI,IO_L01N_4/VRP_4,DCI,4
51,P51,DONE,CONFIG,DONE,CONFIG,VCCAUX
52,P52,CCLK,CONFIG,CCLK,CONFIG,VCCAUX
53,P53,IO_L01P_3/VRN_3,DCI,IO_L01P_3/VRN_3,DCI,3
54,P54,IO_L01N_3/VRP_3,DCI,IO_L01N_3/VRP_3,DCI,3
55,P55,IO,I/O,IO,I/O,3
56,P56,GND,GND,GND,GND,N/A
57,P57,VCCO_3,VCCO,VCCO_3,VCCO,3
58,P58,VCCAUX,VCCAUX,VCCAUX,VCCAUX,N/A
59,P59,IO,I/O,IO,I/O,3
60,P60,IO_L24P_3,I/O,IO_L24P_3,I/O,3
61,P61,IO_L24N_3,I/O,IO_L24N_3,I/O,3
62,P62,IO_L40P_3,I/O,IO_L40P_3,I/O,3
63,P63,IO_L40N_3/VREF_3,VREF,IO_L40N_3/VREF_3,VREF,3
64,P64,IO_L40P_2/VREF_2,VREF,IO_L40P_2/VREF_2,VREF,2
65,P65,IO_L40N_2,I/O,IO_L40N_2,I/O,2
66,P66,GND,GND,GND,GND,N/A
67,P67,IO_L24P_2,I/O,IO_L24P_2,I/O,2
68,P68,IO_L24N_2,I/O,IO_L24N_2,I/O,2
69,P69,VCCINT,VCCINT,VCCINT,VCCINT,N/A
70,P70,VCCO_2,VCCO,VCCO_2,VCCO,2
71,P71,IO_L21P_2,I/O,IO_L21P_2,I/O,2
72,P72,IO_L21N_2,I/O,IO_L21N_2,I/O,2
73,P73,GND,GND,GND,GND,N/A
74,P74,IO_L01P_2/VRN_2,DCI,IO_L01P_2/VRN_2,DCI,2
75,P75,IO_L01N_2/VRP_2,DCI,IO_L01N_2/VRP_2,DCI,2
76,P76,TDO,JTAG,TDO,JTAG,VCCAUX
77,P77,TCK,JTAG,TCK,JTAG,VCCAUX
78,P78,TMS,JTAG,TMS,JTAG,VCCAUX
79,P79,IO_L01P_1/VRN_1,DCI,IO_L01P_1/VRN_1,DCI,1
80,P80,IO_L01N_1/VRP_1,DCI,IO_L01N_1/VRP_1,DCI,1
81,P81,IO,I/O,IO,I/O,1
82,P82,GND,GND,GND,GND,N/A
83,P83,VCCO_1,VCCO,VCCO_1,VCCO,1
84,P84,VCCAUX,VCCAUX,VCCAUX,VCCAUX,N/A
85,P85,IO_L31P_1,I/O,IO_L31P_1,I/O,1
86,P86,IO_L31N_1/VREF_1,VREF,IO_L31N_1/VREF_1,VREF,1
87,P87,IO_L32P_1/GCLK4,GCLK,IO_L32P_1/GCLK4,GCLK,1
88,P88,IO_L32N_1/GCLK5,GCLK,IO_L32N_1/GCLK5,GCLK,1
89,P89,IO_L32P_0/GCLK6,GCLK,IO_L32P_0/GCLK6,GCLK,0
90,P90,IO_L32N_0/GCLK7,GCLK,IO_L32N_0/GCLK7,GCLK,0
91,P91,IO_L31P_0/VREF_0,VREF,IO_L31P_0/VREF_0,VREF,0
92,P92,IO_L31N_0,I/O,IO_L31N_0,I/O,0
93,P93,VCCINT,VCCINT,VCCINT,VCCINT,N/A
94,P94,VCCO_0,VCCO,VCCO_0,VCCO,0
95,P95,GND,GND,GND,GND,N/A
96,P96,IO_L01P_0/VRN_0,DCI,IO_L01P_0/VRN_0,DCI,0
97,P97,IO_L01N_0/VRP_0,DCI,IO_L01N_0/VRP_0,DCI,0
98,P98,HSWAP_EN,CONFIG,HSWAP_EN,CONFIG,VCCAUX
99,P99,PROG_B,CONFIG,PROG_B,CONFIG,VCCAUX
100,P100,TDI,JTAG,TDI,JTAG,VCCAUX
